#위치	예산(B)	JP	KO
B000bfa8	10	戦場　　０	
B000c273	17	ね記録時間１２０秒	
B000cf4c	4	なーしゃ	
B000cf54	3	かしむ	
B000d985	5	デ兎」	
B000dd47	4	斬ヒ	
B000fea4	26	使っても効果がありません！	
B0010e28	26	ホリクスが不足しています！	
B0014511	3	同ひ	
B0016a65	3	て。れ	
B0017d88	4	\nし震	
B001d359	3	つ鍍	
B001fb58	5	め飯輔	
B00211fc	8	着弾　　	
B0024478	6	終　了	
B0024585	4	誕や	
B0024ae8	7	けぉるとぅーす	
B0024af0	5	とぅるけす	
B0024b84	8	ふゅらしゅらいん	
B0024be0	8	ついん・みゅーり	
B0024c0c	9	まいなーこんろーる	
B0024c18	8	こんろーるないと	
B0024c8c	8	うぉー・れむれす	
B0024c98	6	ほむ・ないと	
B0024cd4	3	らっつ	
B0024cfc	8	ひめ・たとぅーた	
B0024d08	5	たとぅーた	
B0024d34	6	霊牙斬	
B0024d48	4	絶叫	
B0024d50	6	魔鋼砲	
B0024d58	6	爆炎球	
B0024d60	8	雷神の術	
B0024d6c	6	紫炎光	
B0024d74	10	宿世の御霊	
B0024d8c	10	滅びの波動	
B0024d98	16	ヨクミールの薬草	
B0024dac	16	メッサメルの薬草	
B0024dc0	16	ヒールポーション	
B0024dd4	16	パワーポーション	
B0024de8	6	万能薬	
B0024df0	10	ブラインド	
B0024dfc	12	スモールボム	
B0024e0c	14	プロテクション	
B0024e1c	14	ハイポーション	
B0024e2c	4	防御	
B0024e34	12	キュアオール	
B0024e44	10	ヒーリング	
B0024e50	16	アブソーブスペル	
B0024e64	16	マジックシールド	
B0024e78	16	オーラプロテクト	
B0024e8c	14	パワーウェポン	
B0024e9c	14	メテオフレイム	
B0024eac	8	スリープ	
B0024eb8	10	ダークネス	
B0024ec4	14	アースクラック	
B0024ed4	10	バーニング	
B0024ee0	12	ライトニング	
B0024ef0	10	アストラル	
B0024efc	8	うつせみ	
B0024f08	6	逃げる	
B0024f10	4	自爆	
B0024f18	6	断末魔	
B0024f20	4	叫ぶ	
B0024f30	4	雷撃	
B0024f38	8	回復魔法	
B0024f44	6	ブレス	
B0024f4c	8	火炎の術	
B0024f58	4	威嚇	
B0024f60	8	火炎放射	
B0024f6c	6	魔炎球	
B0024f74	6	気合い	
B0024f7c	4	援軍	
B0024f84	4	羽音	
B0024f8c	10	呪いの言葉	
B0024f98	14	エクトプラズム	
B0024fa8	8	噛みつく	
B0024fb4	4	唾液	
B0024fbc	4	毒液	
B0024fc4	8	金切り声	
B0024fd0	6	衝撃波	
B0024fd8	8	精霊召還	
B0024fe4	6	手裏剣	
B0024fec	4	爆弾	
B0024ff4	6	ナイフ	
B0024ffc	6	頭突き	
B0025004	4	突進	
B002500c	8	体当たり	
B0025018	4	特攻	
B0025020	8	百烈突き	
B002502c	8	必殺斬り	
B0025038	4	毒針	
B0025048	4	蹴る	
B0025050	4	撃つ	
B0025058	4	突く	
B0025060	4	殴る	
B0025068	4	斬る	
B00297e2	3	む庭	
B002ccfa	3	のぃま	
B002f7f8	16	アストラル　　　	
B002f80a	16	ライトニング　　	
B002f81c	16	バーニング　　　	
B002f82e	16	アースクラック　	
B002f840	16	ダークネス　　　	
B002f852	16	スリープ　　　　	
B002f864	16	アイスブレス　　	
B002f876	16	メテオフレイム　	
B002f888	16	ポイズンクロウ　	
B002f89a	16	ホーリーノヴァ　	
B002f8ac	16	アブソーブスペル	
B002f8be	16	ヒーリング　　　	
B002f8d0	16	キュアオール　　	
B002f8e2	16	パワーウェポン　	
B002f8f4	16	オーラプロテクト	
B002f906	16	ファストスピード	
B002f918	16	マジックシールド	
B002fae0	16	ヒールポーション	
B002faf2	16	ハイポーション　	
B002fb04	16	ドクハライの薬草	
B002fb16	16	マヒハライの薬草	
B002fb28	16	ヨクミールの薬草	
B002fb3a	16	メッサメルの薬草	
B002fb4c	16	万能薬　　　　　	
B002fb5e	16	プロテクション　	
B002fb70	16	パワーポーション	
B002fb82	16	スモールボム　　	
B002fb94	16	メガブラスト　　	
B002fba6	16	ポイズン　　　　	
B002fbb8	16	パラライズ　　　	
B002fbca	16	ブラインド　　　	
B002fbdc	16	スリープ　　　　	
B002fbee	16	呪いの赤　　　　	
B002fc5f	6	斬撃　	
B002fc67	6	斬撃　	
B002fc6f	6	正打棍	
B002fc77	6	射つ　	
B002fc87	6	つえ　	
B002fc8f	6	飛龍撃	
B002fc97	6	牙突棍	
B002fc9f	6	ためる	
B002fca7	6	集中　	
B002fcaf	6	ボ～ッ	
B002fcb7	6	虎乱　	
B002fcbf	6	魔法　	
B002fcc7	6	まほう	
B002fccf	6	狙う　	
B002fcd7	6	烈風刃	
B002fcdf	6	祈る　	
B002fce7	6	穏行術	
B002fcef	6	練気法	
B002fcf7	6	奥義　	
B002fcff	6	説教　	
B002fd07	6	ダイス	
B002fd0f	6	覚醒　	
B002fd17	6	道具　	
B002fd1f	6	どうぐ	
B002fd27	6	防御　	
B002fd2f	6	まもる	
B0080bb0	3	ょた」	
B0080ca8	4	そんたふ	
B008206c	3	ょた」	
B008421a	5	ゃゃぅゃぃ	
B0084523	5	ををぅぁぃ	
B008452f	6	ぇぉをぉをを	
B0085854	5	りそね擾	
S0024f28	6	吼える	
S00440f6	14	あたれぇッ！！	
S004410a	18	こざかしいんだよ！	
S0044122	16	もらったあッ！！	
S004413a	8	いくぜ！	
S0044162	29	力こめりゃ\n威力倍増ぉぉぉ！！	
S0044186	29	こ‥れ‥で‥\nどうだぁぁぁッ！	
S00441aa	10	外すかよ！	
S00441ba	24	当たるに決まってんだろ！	
S00441da	20	よけてみろってんだ！	
S00441f6	14	これで必中よ！	
S004420a	10	来ったァッ	
S004421c	14	ゾロメだッ！！	
S004422d	22	１秒間に７周半だッ！！	
S004424a	10	うっひょー	
S004425c	16	ナラビだぜッ！！	
S004426f	26	ギンギンだぜ～ギンギン！！	
S004428e	9	ヘヘヘッ\n	
S004429d	22	トモエがでたぜッ！！！	
S00442b6	28	今‥オレは風になったあぁ！！	
S00442da	21	バ‥バカな‥‥ッ！！\n	
S00442f5	35	オゴリだと‥‥！？\nくッ‥ダメだ‥‥	
S004431e	15	ちぇ‥‥ッ！！\n	
S0044333	33	カスかよ‥‥\n‥‥やってられねえや	
S004435a	29	くっ！！\nたえられんのかよ！？	
S004437e	24	チッ‥趣味じゃねえぜ‥‥	
S004439e	14	まかしとけッ！	
S00443b2	8	えいっ！	
S00443c2	21	お願い！\nあたってっ！	
S00443de	6	やあっ	
S00443ea	14	いっけええッ！	
S00443fe	35	魔法の杖よ！\n汚れし者を打ち払え！！	
S0044426	14	これで‥‥っ！	
S004443a	37	ええ～っと\nなにすればいいんだっけ‥‥	
S0044466	37	聖なるホリクスよ‥‥\n私の心に答えて！	
S0044492	31	もっと力をッ！\n私の命が続く限り	
S00444b8	14	バーニングッ！	
S00444d0	18	アースクラックッ！	
S00444ec	14	ダークネスッ！	
S0044504	12	スリープッ！	
S004451c	16	アイスブレスッ！	
S0044538	18	メテオフレイムッ！	
S0044554	18	ポイズンクロウッ！	
S0044570	14	ヒーリングッ！	
S004459e	24	お願い‥うまくいって‥‥	
S00445be	41	私の魔力を見せてあげるわ！\nいくわよッ‥‥	
S00445ee	41	聖なるホリクスよ‥‥\nあたしに力を与えて！	
S004461e	20	うんっ‥わかった‥‥	
S004463a	41	身を守ってるだけじゃ\n勝てないじゃないっ！	
S004466a	18	‥‥これでいいの？	
S0044682	16	まかせといてッ！	
S004469a	12	覚悟しな‥‥	
S00446ae	20	おりゃりゃりゃッ！！	
S00446ca	8	いくよッ	
S00446da	10	さあて‥‥	
S00446fa	14	とどめだッ！！	
S004470e	20	これでも喰らいな！！	
S004472a	14	くたばれッ！！	
S004473e	20	まとめて逝っちまいな	
S004476a	20	そうら‥そらそらッ！	
S0044786	22	おりゃりゃりゃりゃッ！	
S00447a2	41	できるもんなら止めてみなッ‥\n烈風刃ッ！！	
S00447d2	29	ちんたら\nしてんじゃないよッ！	
S004482a	41	ああ・・感じちゃう\nもうガマンできない～ン	
S004485a	52	ん～～～ッたたた\nなにすりゃいいんだか\n忘れちまったよ	
S0044896	20	チッ‥しかたない‥‥	
S00448b2	12	あ～らよっと	
S00448c6	10	ハアッ！！	
S00448d6	20	神に仇なす者めっ！！	
S00448f2	8	ゆくぞ！	
S0044902	8	遅いっ！	
S0044912	10	そこだっ！	
S0044922	10	逃がさん！	
S0044932	76	神の御業を恐れぬ者たちめ！\n我らの前に立ちふさがるならば\n天罰が下ろうぞっ！！	
S0044988	18	パワーウェポンッ！	
S00449a4	20	オーラプロテクトッ！	
S00449c4	20	ファストスピードッ！	
S00449e4	20	マジックシールドッ！	
S0044a04	20	アブソーブスペルッ！	
S0044a24	14	ヒーリングッ！	
S0044a3c	16	キュアオールッ！	
S0044a56	35	神よ‥‥\n傷つきし者に癒しの御手を！	
S0044a82	31	神よ‥‥\n彼の者に力を与え給え！	
S0044aaa	37	聖なるホリクスよ\n彼の者を護り給え！　	
S0044ad6	39	神の御名において命ず\n言霊の力を封じよ！	
S0044b06	35	いかなる試練も\n耐えてみせようぞッ！	
S0044b3a	24	よしっ‥まかせたまえ！！	
S0044b5a	60	‥‥ファウよ\n人の運め‥にないし力‥‥\n見せてもらおうか！！！	
S0044baa	22	レナも‥かわいそうにな	
S0044bca	14	いい感じだ‥‥	
S0044bdb	18	がんばれよ‥ほらッ	
S0044bf6	22	どうしたどうした‥‥？	
S0044c0f	28	オレをもっと楽しませてくれよ	
S0044c36	20	‥‥まだまだあッ！！	
S0044c52	24	少しはできるようだな‥‥	
S0044c72	14	‥‥ほど遠いな	
S0044c86	14	その程度か‥‥	
S0044c9a	12	‥‥まずいな	
S0044cae	39	まだだ‥‥\nまだ‥敗けるわけにはゆかぬ！	
S0044cee	20	く‥‥ここまでか‥‥	
S0044d0a	43	救世主の力‥‥\nたしかに‥見とどけた‥‥ッ！	
S0044d3e	41	我が剣で‥ツヴァイフィストを\n断絶する‥‥	
S0044d6e	45	魔鋼カリーブスの威力‥‥\n思い知るが良いわッ！	
S0044da2	28	己が力のふがいなさを知れッ！	
S0044dc6	43	苦しいか‥‥？\n安心しろ‥いま楽にしてやる！	
S0044dfa	24	けちらしてくれるわッ！！	
S0044e1a	12	おろかな‥‥	
S0044e2e	56	‥‥痛々しいものだな\n弱き者が\n助け合う様というものは‥‥	
S0044e6e	24	どうだどうだどうだッ！！	
S0044e8e	28	これ以上‥わしを失望させるな	
S0044eb2	24	なんの‥これからよッ！！	
S0044ed2	14	うっ‥やる‥‥	
S0044f02	16	ざかしいわッ！！	
S0044f2a	70	アヴァタークの魔剣の力‥‥\n君の真実の力‥‥\nじっくりと味わせてあげるよ	
S0044f76	58	どうした‥‥？\nそんなことじゃ\nレナを助けることはできないよ	
S0044fb6	37	レナはいい娘だ‥‥\n君にはもったいない	
S0044fe2	66	レナ‥レナ‥レナ‥‥\nもうすぐ最愛の人を\n君のそばにならべてあげるよ	
S004502a	37	ファウ‥‥\n君の身体は‥じつに快適だよ	
S0045056	68	がんばれ‥ファウ‥‥\n人の力というものを\nボクに証明してくれるんだろ？	
S00450a2	53	すばらしいよ‥ファウ‥‥\nまさか‥これほどのものとはね	
S00450de	43	あきらめちゃえよ‥ファウ‥‥\n人は‥弱い者さ	
S0045112	74	こうしていると昔を憶い出すよ\n君とレナが初めて\nボクの前に現れたときのことを	
S0045162	10	‥‥ファウ	
S0045172	14	ああ‥レナ‥‥	
S0045186	66	‥‥理解できないよ\nなぜ‥こうまでして\n運めに逆らおうとするんだい？	
S00451ce	58	ボクが‥敗ける‥‥？\n‥‥いや\nそんなこと認めない‥‥ッ！！	
S004520e	51	さすがだね‥ファウ‥‥\nでも‥本当の試練はこれからだ	
S004524a	12	私のかわいい	
S0045258	54	しもべ達‥‥\nあの子たちに\n恐怖と絶望を教えてあげなさい	
S0045296	13	さあ‥\n誰から	
S00452a5	20	こわしてあげましょう	
S00452c2	54	がんばって‥‥\nあなた達の力が\n滅びの力を呼び覚ますのよ	
S00452fe	54	‥‥そんなものなの？\nあまり私を\nがっかりさせないで‥‥	
S004533a	33	なんて弱いの‥‥\n悲しむべきことね	
S0045362	50	ああ‥いいわ\nその調子よ‥‥\nもっと‥がんばって‥‥	
S004539a	49	いくらあがいても‥‥\n運めを変えることはできないわ	
S00453d2	12	もう少し‥‥	
S00453e6	24	ホォッホッホッホッホッ！	
S0045406	16	ああ‥許して‥‥	
S004541e	35	私にも‥\n考えなおす時間をちょうだい	
S004544a	39	まだよ‥‥\nまだ‥死ぬわけにはいかない！	
S004547a	53	さあ‥とどめを刺しなさい\nそれからが本当の始まりよ‥‥	
S00454d2	66	滅びは運め‥‥\n‥何者も‥神であろうとも\n運命には逆らえぬぅぅぅッ！	
S004551a	52	圧倒的な力‥‥\nあらがえぬものの存在を\n知るがいいッ！	
S0045556	35	五元の力も\n我が前では無力なりッ！！	
S0045582	43	ケォルトゥースよ‥‥\n我に力を与えたまえ！！	
S00455b6	49	ヒーッヒッヒッヒッ！\n何もかも‥滅んでしまえッ！！	
S00455ee	54	むだッ！！！\n滅びの力の前では\n何もかも無力にすぎない！	
S004562a	22	絶望は滅びをおこす‥‥	
S0045646	22	苦しみは滅びを呼ぶ‥‥	
S0045662	22	憎しみは滅びを招く‥‥	
S00456b6	52	そう‥もう少しよ‥‥\nケォルトゥースを\n呼び覚ますのよ	
S00456f2	45	人間は‥滅びる運め‥‥\nけして許されぬ存在‥‥	
S0045726	31	死よ‥‥\n我を滅びの糧としたまえ	
S004574e	26	ギィィィヤアァーーーッ！！	
