#번호	예산(B)	JP	KO
Z440f4:0	20	あたれぇッ！！	
Z44108:0	24	こざかしいんだよ！	
Z44120:0	24	もらったあッ！！	
Z44138:0	16	いくぜ！	
Z44148:0	24	うおおおおおッ！！	
Z44160:0	36	力こめりゃ\n威力倍増ぉぉぉ！！	
Z44184:0	36	こ‥れ‥で‥\nどうだぁぁぁッ！	
Z441a8:0	16	外すかよ！	
Z441b8:0	32	当たるに決まってんだろ！	
Z441d8:0	28	よけてみろってんだ！	
Z441f4:0	20	これで必中よ！	
Z44208:0	64	来ったァッ!\n{14:00}{14:01}{14:02}ゾロメだッ！！	
Z44208:1	64	\n１秒間に７周半だッ！！	
Z44248:0	68	うっひょー \n{14:00}{14:01}{14:02}ナラビだぜッ！！	
Z44248:1	68	\nギンギンだぜ～ギンギン！！	
Z4428c:0	76	ヘヘヘッ\n{14:00}{14:01}{14:02}トモエがでたぜッ！！！	
Z4428c:1	76	\n今‥オレは風になったあぁ！！	
Z442d8:0	164	バ‥バカな‥‥ッ！！\n{14:00}{14:01}{14:02}オゴリだと‥‥！？\nくッ‥ダメだ‥‥	
Z442d8:1	164	ちぇ‥‥ッ！！\n{14:00}{14:01}{14:02}カスかよ‥‥\n‥‥やってられねえや	
Z442d8:2	164	くっ！！\nたえられんのかよ！？	
Z4437c:0	32	チッ‥趣味じゃねえぜ‥‥	
Z4439c:0	20	まかしとけッ！	
Z443b0:0	16	えいっ！	
Z443c0:0	28	お願い！\nあたってっ！	
Z443dc:0	12	やあっ	
Z443e8:0	20	いっけええッ！	
Z443fc:0	40	魔法の杖よ！\n汚れし者を打ち払え！！	
Z44424:0	20	これで‥‥っ！	
Z44438:0	44	ええ～っと\nなにすればいいんだっけ‥‥	
Z44464:0	44	聖なるホリクスよ‥‥\n私の心に答えて！	
Z44490:0	36	もっと力をッ！\n私の命が続く限り	
Z444b4:0	24	バーニングッ！	
Z444cc:0	28	アースクラックッ！	
Z444e8:0	24	ダークネスッ！	
Z44500:0	24	スリープッ！	
Z44518:0	28	アイスブレスッ！	
Z44534:0	28	メテオフレイムッ！	
Z44550:0	28	ポイズンクロウッ！	
Z4456c:0	24	ヒーリングッ！	
Z44584:0	56	えいっ！！　　　　	
Z44584:1	56	お願い‥うまくいって‥‥	
Z445bc:0	48	私の魔力を見せてあげるわ！\nいくわよッ‥‥	
Z445ec:0	48	聖なるホリクスよ‥‥\nあたしに力を与えて！	
Z4461c:0	28	うんっ‥わかった‥‥	
Z44638:0	48	身を守ってるだけじゃ\n勝てないじゃないっ！	
Z44668:0	24	‥‥これでいいの？	
Z44680:0	24	まかせといてッ！	
Z44698:0	20	覚悟しな‥‥	
Z446ac:0	28	おりゃりゃりゃッ！！	
Z446c8:0	16	いくよッ	
Z446d8:0	16	さあて‥‥	
Z446e8:0	16	飛龍撃ッ！	
Z446f8:0	20	とどめだッ！！	
Z4470c:0	28	これでも喰らいな！！	
Z44728:0	20	くたばれッ！！	
Z4473c:0	28	まとめて逝っちまいな	
Z44758:0	16	虎乱ッ！	
Z44768:0	28	そうら‥そらそらッ！	
Z44784:0	28	おりゃりゃりゃりゃッ！	
Z447a0:0	48	できるもんなら止めてみなッ‥\n烈風刃ッ！！	
Z447d0:0	36	ちんたら\nしてんじゃないよッ！	
Z447f4:0	52	はあああああああああぁぁぁぁ\nせりゃああッ！！	
Z44828:0	48	ああ・・感じちゃう\nもうガマンできない～ン	
Z44858:0	60	ん～～～ッたたた\nなにすりゃいいんだか\n忘れちまったよ	
Z44894:0	28	チッ‥しかたない‥‥	
Z448b0:0	20	あ～らよっと	
Z448c4:0	16	ハアッ！！	
Z448d4:0	28	神に仇なす者めっ！！	
Z448f0:0	16	ゆくぞ！	
Z44900:0	16	遅いっ！	
Z44910:0	16	そこだっ！	
Z44920:0	16	逃がさん！	
Z44930:0	84	神の御業を恐れぬ者たちめ！\n我らの前に立ちふさがるならば\n天罰が下ろうぞっ！！	
Z44984:0	28	パワーウェポンッ！	
Z449a0:0	32	オーラプロテクトッ！	
Z449c0:0	32	ファストスピードッ！	
Z449e0:0	32	マジックシールドッ！	
Z44a00:0	32	アブソーブスペルッ！	
Z44a20:0	24	ヒーリングッ！	
Z44a38:0	28	キュアオールッ！	
Z44a54:0	44	神よ‥‥\n傷つきし者に癒しの御手を！	
Z44a80:0	40	神よ‥‥\n彼の者に力を与え給え！	
Z44aa8:0	44	聖なるホリクスよ\n彼の者を護り給え！　	
Z44ad4:0	48	神の御名において命ず\n言霊の力を封じよ！	
Z44b04:0	40	いかなる試練も\n耐えてみせようぞッ！	
Z44b2c:0	12	ク‥‥	
Z44b38:0	32	よしっ‥まかせたまえ！！	
Z44b58:0	68	‥‥ファウよ\n人の運め‥にないし力‥‥\n見せてもらおうか！！！	
Z44b9c:0	12	フ‥	
Z44ba8:0	32	レナも‥かわいそうにな	
Z44bc8:0	44	いい感じだ‥‥	
Z44bc8:1	44	\nがんばれよ‥ほらッ	
Z44bf4:0	64	どうしたどうした‥‥？	
Z44bf4:1	64	\nオレをもっと楽しませてくれよ	
Z44c34:0	28	‥‥まだまだあッ！！	
Z44c50:0	32	少しはできるようだな‥‥	
Z44c70:0	60	‥‥ほど遠いな	
Z44c70:1	60	その程度か‥‥	
Z44c70:2	60	‥‥まずいな	
Z44cac:0	48	まだだ‥‥\nまだ‥敗けるわけにはゆかぬ！	
Z44cdc:0	16	やる‥‥	
Z44cec:0	28	く‥‥ここまでか‥‥	
Z44d08:0	52	救世主の力‥‥\nたしかに‥見とどけた‥‥ッ！	
Z44d3c:0	48	我が剣で‥ツヴァイフィストを\n断絶する‥‥	
Z44d6c:0	52	魔鋼カリーブスの威力‥‥\n思い知るが良いわッ！	
Z44da0:0	36	己が力のふがいなさを知れッ！	
Z44dc4:0	52	苦しいか‥‥？\n安心しろ‥いま楽にしてやる！	
Z44df8:0	32	けちらしてくれるわッ！！	
Z44e18:0	20	おろかな‥‥	
Z44e2c:0	64	‥‥痛々しいものだな\n弱き者が\n助け合う様というものは‥‥	
Z44e6c:0	32	どうだどうだどうだッ！！	
Z44e8c:0	36	これ以上‥わしを失望させるな	
Z44eb0:0	32	なんの‥これからよッ！！	
Z44ed0:0	48	うっ‥やる‥‥	
Z44ed0:1	48	ぬおおおおおっ！！！	
Z44f00:0	24	ざかしいわッ！！	
Z44f18:0	200	‥‥無念ッ	
Z44f18:1	200	アヴァタークの魔剣の力‥‥\n君の真実の力‥‥\nじっくりと味わせてあげるよ	
Z44f18:2	200	どうした‥‥？\nそんなことじゃ\nレナを助けることはできないよ	
Z44f18:3	200	レナはいい娘だ‥‥\n君にはもったいない	
Z44fe0:0	116	レナ‥レナ‥レナ‥‥\nもうすぐ最愛の人を\n君のそばにならべてあげるよ	
Z44fe0:1	116	ファウ‥‥\n君の身体は‥じつに快適だよ	
Z45054:0	76	がんばれ‥ファウ‥‥\n人の力というものを\nボクに証明してくれるんだろ？	
Z450a0:0	60	すばらしいよ‥ファウ‥‥\nまさか‥これほどのものとはね	
Z450dc:0	52	あきらめちゃえよ‥ファウ‥‥\n人は‥弱い者さ	
Z45110:0	312	こうしていると昔を憶い出すよ\n君とレナが初めて\nボクの前に現れたときのことを	
Z45110:1	312	‥‥ファウ	
Z45110:2	312	ああ‥レナ‥‥	
Z45110:3	312	‥‥理解できないよ\nなぜ‥こうまでして\n運めに逆らおうとするんだい？	
Z45110:4	312	ボクが‥敗ける‥‥？\n‥‥いや\nそんなこと認めない‥‥ッ！！	
Z45110:5	312	さすがだね‥ファウ‥‥\nでも‥本当の試練はこれからだ	
Z45248:0	76	私のかわいい  しもべ達‥‥\nあの子たちに\n恐怖と絶望を教えてあげなさい	
Z45294:0	44	さあ‥\n誰から  こわしてあげましょう	
Z452c0:0	160	がんばって‥‥\nあなた達の力が\n滅びの力を呼び覚ますのよ	
Z452c0:1	160	‥‥そんなものなの？\nあまり私を\nがっかりさせないで‥‥	
Z452c0:2	160	なんて弱いの‥‥\n悲しむべきことね	
Z45360:0	112	ああ‥いいわ\nその調子よ‥‥\nもっと‥がんばって‥‥	
Z45360:1	112	いくらあがいても‥‥\n運めを変えることはできないわ	
Z453d0:0	20	もう少し‥‥	
Z453e4:0	32	ホォッホッホッホッホッ！	
Z45404:0	24	ああ‥許して‥‥	
Z4541c:0	44	私にも‥\n考えなおす時間をちょうだい	
Z45448:0	48	まだよ‥‥\nまだ‥死ぬわけにはいかない！	
Z45478:0	60	さあ‥とどめを刺しなさい\nそれからが本当の始まりよ‥‥	
Z454b4:0	160	ああああああ‥‥ッ！！	
Z454b4:1	160	滅びは運め‥‥\n‥何者も‥神であろうとも\n運命には逆らえぬぅぅぅッ！	
Z454b4:2	160	圧倒的な力‥‥\nあらがえぬものの存在を\n知るがいいッ！	
Z45554:0	44	五元の力も\n我が前では無力なりッ！！	
Z45580:0	52	ケォルトゥースよ‥‥\n我に力を与えたまえ！！	
Z455b4:0	56	ヒーッヒッヒッヒッ！\n何もかも‥滅んでしまえッ！！	
Z455ec:0	200	むだッ！！！\n滅びの力の前では\n何もかも無力にすぎない！	
Z455ec:1	200	絶望は滅びをおこす‥‥	
Z455ec:2	200	苦しみは滅びを呼ぶ‥‥	
Z455ec:3	200	憎しみは滅びを招く‥‥	
Z455ec:4	200	アァーーーーーーーッ！！\nもっと私を苦しめて‥‥	
Z456b4:0	60	そう‥もう少しよ‥‥\nケォルトゥースを\n呼び覚ますのよ	
Z456f0:0	52	人間は‥滅びる運め‥‥\nけして許されぬ存在‥‥	
Z45724:0	40	死よ‥‥\n我を滅びの糧としたまえ	
Z4574c:0	56	ギィィィヤアァーーーッ！！	
