#번호	KO — 비어 있던 이름·보충 추출 줄 (2026-09-27, 용어는 대본 번역과 맞춤: 발류보길·브랑카스·레무레스·실버·베르메사·퓨라길리안·타투타·맥비)
G0016308	카심
G001630c	나샤
G0016314	올가
G001631c	베스트릴
G001e238	카심
G001e23c	나샤
G001e244	올가
G001e24c	베스트릴
G003d963	운석 낙하의 대폭발로 공격
G003f4ed	운석 낙하의 대폭발로 공격
B000cf3c	베스트릴
B000cf44	올가
B000cf4c	나샤
B000cf54	카심
B0024ae0	실버
B0024ae8	케올투스
B0024af0	투르케스
B0024af8	베르메사
B0024b00	아디스아디스
B0024b0c	아디스
B0024b14	뇌수
B0024b1c	염수
B0024b24	바락
B0024b2c	버트럼
B0024b34	다크 위저드
B0024b40	다크 메이지
B0024b4c	다크 아처
B0024b58	다크 보우맨
B0024b64	다크 나이트
B0024b6c	다크 솔저
B0024b78	발류보길
B0024b84	퓨라슈라인
B0024b90	퓨라길리안
B0024b9c	퓨라길레스
B0024ba4	버스터기어
B0024bb0	조 뮤리
B0024bbc	데비 뮤리
B0024bc8	메이지 뮤리
B0024bd4	소드 뮤리
B0024be0	트윈 뮤리
B0024bec	닌자
B0024bf4	킹 콘롤
B0024c00	메이저 콘롤
B0024c0c	마이너 콘롤
B0024c18	콘롤 나이트
B0024c24	콘롤 보우
B0024c30	콘롤 스피어
B0024c3c	브랑카스
B0024c44	킹 베고리안
B0024c50	베고 나이트
B0024c5c	베고 아처
B0024c68	베고 솔저
B0024c74	메이지 레무레스
B0024c80	히프나 레무레스
B0024c8c	워 레무레스
B0024c98	홈 나이트
B0024ca0	홈 보머
B0024ca8	홈 솔저
B0024cb4	레너드
B0024cbc	보우맨
B0024cc4	스피어맨
B0024ccc	솔저
B0024cd4	랏츠
B0024cd8	캡틴 구울
B0024ce4	라제 구울
B0024cf0	포스 구울
B0024cfc	히메 타투타
B0024d08	타투타
B0024d10	맥비 퀸
B0024d1c	맥비
B0024d24	곰
B0024d3c	마룡포효
B0024d80	섬멸의 번개
