#번호	KO — 아이템 이름 끼움을 실제 이름 길이로 세자 넘친 줄(2026-09-27). 조사는 빌더(josa.resolve)가 받침 따라 고른다
282c18:9:0	\n증표 {01:0715}{03:0015}이(가)\n없는 분은\n지나가실 수 없소
44c858:24:0	증표 {01:0715}{03:0015}이(가)\n없는 분은\n지나가실 수 없소
2833dc:13:0	{c:0b}에이너스 신화５\n{c:0f}바람의영검 {03:0060}{01:0760}{c:0f}은(는)\n인간용사 라자레스를\n{01:073b}{03:003b}{c:0f}의 신으로 삼았다
4df814:75:0	{c:0b}에이너스 신화５\n{c:0f}바람의영검 {03:0060}{01:0760}{c:0f}은(는)\n인간용사 라자레스를\n{01:073b}{03:003b}{c:0f}의 신으로 삼았다
55d994:70:0	{c:0b}에이너스 신화５\n{c:0f}바람의영검 {03:0060}{01:0760}{c:0f}은(는)\n인간용사 라자레스를\n{01:073b}{03:003b}{c:0f}의 신으로 삼았다
612690:75:0	{c:0b}에이너스 신화５\n{c:0f}바람의영검 {03:0060}{01:0760}{c:0f}은(는)\n인간용사 라자레스를\n{01:073b}{03:003b}{c:0f}의 신으로 삼았다
321370:43:0	{c:0b}에이너스 신화５\n{c:0f}바람의영검 {03:0060}{01:0760}은(는)\n인간용사 라자레스를\n{01:073b}{03:003b}의 신으로 삼았다
3b6a40:43:0	{c:0b}에이너스 신화５\n{c:0f}바람의영검 {03:0060}{01:0760}은(는)\n인간용사 라자레스를\n{01:073b}{03:003b}의 신으로 삼았다
44ecf8:43:0	{c:0b}에이너스 신화５\n{c:0f}바람의영검 {03:0060}{01:0760}은(는)\n인간용사 라자레스를\n{01:073b}{03:003b}의 신으로 삼았다
e4e5e4:21:0	{c:0b}세계 일류 무기 도감\n{c:0f}검 중에는 장인의 이름이\n붙을 만큼 뛰어난 것이 있는데\n그중 {01:075b}{03:005b}이(가) 유명하다
1a8578c:33:0	{c:0b}세계 일류 무기 도감\n{c:0f}검 중에는 장인의 이름이\n붙을 만큼 뛰어난 것이 있는데\n그중 {01:075b}{03:005b}이(가) 유명하다
e50cc0:18:0	{c:0b}최강의 무기\n{c:0f}아마 곤봉 중에서는\n세이크리드가 사용하는\n{01:076e}{03:006e}(이)야말로 최강이리라‥
1a8578c:24:0	{c:0b}최강의 무기\n{c:0f}아마 곤봉 중에서는\n세이크리드가 사용하는\n{01:076e}{03:006e}(이)야말로 최강이리라‥
e50cc0:46:0	{c:0b}레나의 일기１\n{c:0f}할아버님이 남기신 오래된 책에\n적혀 있던 {01:0760}‥‥\n왜 이리 마음이 끌릴까？
1a8578c:11:0	{c:0b}레나의 일기１\n{c:0f}할아버님이 남기신 오래된 책에\n적혀 있던 {01:0760}‥‥\n왜 이리 마음이 끌릴까？
ec5f4c:11:1	이 세상의 섭리를\n다스리는 오원을\n지워 버리는\n{01:0722}{03:0022}을(를)‥
1540720:36:0	번개 공격력＋６의 마법 활！\n카심에게 강력 추천하는\n{01:0766}{03:0066}인가？
1540720:37:0	ＡＧＬ＋２의 마법 갑옷\n승려／검사／도적이 장비하는\n{01:0782}{03:0082}인가？
