#번호	KO — 유피토마을 통일·«잘 지내‥» (tools/term_yupito.py 생성)
158b0c:19:0	\n실레스트 산기슭에 있는\n유피토마을에\n올가라는 기운찬 할멈이 있지
2833dc:19:11	\n‥‥잘 지내‥
31ee04:28:0	실레스트 산기슭에 있는\n유피토마을에\n올가라는 기운찬 할멈이 있지
44daac:10:11	‥‥잘 지내‥
4e05b8:30:0	실레스트 산기슭에 있는\n유피토마을에\n올가라는 기운찬 할멈이 있지
55c750:84:0	유피토마을의 신부는\n아주 형편없는\n땡중이라더군요
614018:100:11	‥‥잘 지내‥
711c2c:2:0	여긴 유피토마을\n신부님이‥ 칠칠치 못한 걸로 유명해
7c2834:2:11	‥‥잘 지내‥
8576a8:55:0	무적의 검법 츠바이피스트의\n전승자 올가는\n유피토마을에 산다더구먼
8dcce4:58:0	　　　　유피토마을
8dda1c:2:0	여긴 유피토마을\n신부님이‥ 칠칠치 못한 걸로 유명해
b57010:13:0	유피토마을 도구점에서\n약을 전해 달라고 부탁받았는데 내가 써 버렸어
1817c84:143:0	{c:08}유피토마을　　　　　　　　　　{c:0f}
1817c84:144:0	유피토마을　　　　　　　　　　
1817c84:145:0	{c:04}유피토마을　　　　　　　　　　{c:0f}
181875c:2:1	야렘 마을　　　　　　　　　　　유피토마을（야렘에서）　　　　유피토마을（실레스트에서）　　실레스트 산기슭　　　　　　　　우란타야 숲（실레스트에서）　　우란타야 숲（마로아에서）　　　
G002c79b	유피토마을
G002c7bc	유피토마을
G43d7e60	유피토마을
