#번호	KO — 지명 표기 통일(tools/term_places.py 생성)
158b0c:19:0	\n실레스트 산기슭에 있는\n유피토 마을에\n올가라는 기운찬 할멈이 있지
31ee04:28:0	실레스트 산기슭에 있는\n유피토 마을에\n올가라는 기운찬 할멈이 있지
4e05b8:30:0	실레스트 산기슭에 있는\n유피토 마을에\n올가라는 기운찬 할멈이 있지
55c750:84:0	유피토 마을의 신부는\n아주 형편없는\n땡중이라더군요
711c2c:2:0	여긴 유피토 마을\n신부님이‥ 칠칠치 못한 걸로 유명해
8576a8:37:0	왕도 로스탈에 가려면\n일단‥ 마로아 항구로 나가서\n배를 타야 할 게다
8576a8:55:0	무적의 검법 츠바이피스트의\n전승자 올가는\n유피토 마을에 산다더구먼
8576a8:64:0	마로아 항구에는\n해적 놈들이\n우글거린답니다
8dcce4:58:0	　　　　유피토 마을
8dd3b4:5:3	마음이 내키면\n우리쿠리 마을로\n오렴
8dda1c:2:0	여긴 유피토 마을\n신부님이‥ 칠칠치 못한 걸로 유명해
a0b788:22:0	우란타야 숲 지나면\n마로아 항구 간다\n큰 배 닿는 항구 마을
a0b788:46:0	성스러운 작은 용 우리텍스가\n{name:0f00} 님께\n베고리안 섬으로 가라고‥‥
a0b788:46:4	ＢＥＧＯＬＩＡＮ\n{c:0f}베고리안 섬 위치를 배웠다！
b56b00:123:0	{c:07}마로아 항구 상인\n{c:0f}
b57010:13:0	유피토 마을 도구점에서\n약을 전해 달라고 부탁받았는데 내가 써 버렸어
b57010:31:0	큰일 난 때에 왔구나\n지하 수로에 괴물이 나와서\n마로아 항구는 대소동이야
b5a438:102:0	{c:0b}마로아 항구\n{c:0f}『마을을 흐르는 옛 강과 함께\n발전한 마로아 항구는 태고의\n유적 위에 세워졌다』
b5b508:4:0	　　　마로아 항구
b5b508:143:0	　　　마로아 항구
d26d70:61:1	하하아～잉‥‥ 너희들이 그거구나잉\n마로아 항구를 구했다는\n사람들이구나잉
e4feec:34:0	피스로 어촌장의 아들 샤킨은 해적섬 두목을 하고 있다더군！
e5385c:12:0	너에 대해선 알고 있다\n마로아 항구를 구한 용사라고\n평판이 자자하다더군
e5385c:19:1	푸른 기사라 불리는 레너드 님께서\n마로아 항구를 구하러 가는 것을\n금하시고‥‥
e541ec:15:2	이런 아이가\n마로아 항구를\n괴물에게서 구했다는구나
e541ec:6:0	레너드 님은 마로아 항구에 가서\n직접 백성을 구하고 싶으셨던 거예요
e54ebc:3:0	마로아 항구를 구한\n용사님을 만나 뵈어 영광이에요\n제 춤을 즐겨 주세요
e5580c:37:0	{c:0b}퓨라길 섬１\n{c:0f}퓨라길은 인공 마법 생물이다 그 생명 활동은 마법력 공급으로 유지되고 있다
e5580c:38:0	{c:0b}퓨라길 섬２\n{c:0f}「땅」 밑에 숨겨진 「물」\n「불」「바람」「하늘」의 미궁에\n５개의 보주가 안치되어 있다
1086f14:2:15	남은 성상은 ４개‥‥\n하나는‥ 흉포한 아인\n베고리안 섬에 있어
1087aa8:12:1	우리쿠리가 아는\n베고리안 섬으로\n가라고‥‥
1087aa8:13:0	우리텍스가 말한\n베고리안 섬으로\n가자！！
112c3a0:81:0	　　아인 베고리안 섬
1248178:112:0	{c:07}피스로 어촌장\n{c:0f}
12e91c4:92:0	　　해신 콘롤 섬
12e91c4:9:0	　　해신 콘롤 섬
12e9c68:8:0	여기가 해신이라 두려움받는\n콘롤 섬입니까
1817c84:143:0	{c:08}유피토 마을　　　　　　　　　　{c:0f}
1817c84:144:0	유피토 마을　　　　　　　　　　
1817c84:145:0	{c:04}유피토 마을　　　　　　　　　　{c:0f}
1817c84:153:0	{c:08}마로아 항구　　　　　　　{c:0f}
1817c84:154:0	마로아 항구（해로）　　　
1817c84:155:0	마로아 항구（육로）　　　
1817c84:156:0	{c:04}마로아 항구　　　　　　　{c:0f}
1817c84:170:0	{c:08}베고리안 섬　　　　　　　　　{c:0f}
1817c84:171:0	베고리안 섬　　　　　　　　　
1817c84:172:0	{c:04}베고리안 섬　　　　　　　　　{c:0f}
1817c84:187:0	{c:08}퓨라길 섬　　　　　　　　　　{c:0f}
1817c84:188:0	퓨라길 섬　　　　　　　　　　
1817c84:189:0	{c:04}퓨라길 섬　　　　　　　　　　{c:0f}
181875c:2:1	야렘 마을　　　　　　　　　　　유피토 마을（야렘에서）　　　　유피토 마을（실레스트에서）　　실레스트 산기슭　　　　　　　　우란타야 숲（실레스트에서）　　우란타야 숲（마로아에서）　　　
181875c:12:1	마로아 항구（뭍에서）　　마로아 항구（바다에서）　해적섬　　　　　　　　　　　　　로스탈（뭍에서）　　　　　　　　로스탈（바다에서）　　　　　　　저주받은 광산　　　　　　　　　
181875c:13:1	우리텍스의 협곡　　　　　　　　베고리안 섬　　　　　　　　　피스로 어촌（요르그에서）　　피스로 어촌（바다에서）　　　　콘롤 섬　　　　　　　　　　　　요르그 숲　　　　　　　　　　　
181875c:14:1	구세 도시 유소밀（뭍에서）　　구세 도시 유소밀（바다에서）　퓨라길 섬　　　　　　　　　　　샤크하르의 폭포　　　　　　　　오르티스 궁　　　　　　　　　　　　　　　　　　　　　　　　　　
G002c79b	유피토마을
G002c7bc	유피토마을
G43d7e60	유피토마을
