#번호	KO — 실행 중 이름 끼움 뒤 조사 없애기(tools/josa_dyn.py 생성)
156c84:100:3	\n１개에 
156c84:100:11	\n몇 개 파시겠어요？
156c84:101:3	\n１개에 
156c84:101:11	\n몇 개 파시겠어요？
156c84:102:3	\n１개에 
156c84:102:11	\n몇 개 파시겠어요？
1e8d94:100:3	\n１개에 
1e8d94:100:11	\n몇 개 파시겠어요？
1e8d94:101:3	\n１개에 
1e8d94:101:11	\n몇 개 파시겠어요？
1e8d94:102:3	\n１개에 
1e8d94:102:11	\n몇 개 파시겠어요？
320224:100:3	\n１개에 
320224:100:11	\n몇 개 파시겠어요？
320224:101:3	\n１개에 
320224:101:11	\n몇 개 파시겠어요？
320224:102:3	\n１개에 
320224:102:11	\n몇 개 파시겠어요？
3b5a6c:100:3	\n１개에 
3b5a6c:100:11	\n몇 개 파시겠어요？
3b5a6c:101:3	\n１개에 
3b5a6c:101:11	\n몇 개 파시겠어요？
3b5a6c:102:3	\n１개에 
3b5a6c:102:11	\n몇 개 파시겠어요？
44c858:150:1	{c:0f} ５개 획득
44c858:151:1	{c:0f} ５개 획득
4e2758:100:3	\n１개에 
4e2758:100:11	\n몇 개 파시겠어요？
4e2758:101:3	\n１개에 
4e2758:101:11	\n몇 개 파시겠어요？
4e2758:102:3	\n１개에 
4e2758:102:11	\n몇 개 파시겠어요？
55e878:14:3	\n１개에 
55e878:14:11	\n몇 개 파시겠어요？
55e878:21:3	\n１개에 
55e878:21:11	\n몇 개 파시겠어요？
55e878:22:3	\n１개에 
55e878:22:11	\n몇 개 파시겠어요？
613b6c:100:3	\n１개에 
613b6c:100:11	\n몇 개 파시겠어요？
613b6c:101:3	\n１개에 
613b6c:101:11	\n몇 개 파시겠어요？
613b6c:102:3	\n１개에 
613b6c:102:11	\n몇 개 파시겠어요？
7c18fc:44:0	\n로브아티스트만\n쓸 수 있어
856ef4:44:0	\n로브아티스트만\n쓸 수 있어
8582d4:100:3	\n１개에 
8582d4:100:11	\n몇 개 파시겠어요？
8582d4:101:3	\n１개에 
8582d4:101:11	\n몇 개 파시겠어요？
8582d4:102:3	\n１개에 
8582d4:102:11	\n몇 개 파시겠어요？
8de634:100:3	\n１개에 
8de634:100:11	\n몇 개 팔 거야？
8de634:101:3	\n１개에 
8de634:101:11	\n몇 개 팔고 싶어？
b5bea4:4:3	\n１개에 
b5bea4:4:11	\n몇 개 파시겠어요？
b5bea4:5:3	\n１개에 
b5bea4:5:11	\n몇 개 파시겠어요？
b5bea4:6:3	\n１개에 
b5bea4:6:11	\n몇 개 파시겠어요？
d2bb78:46:0	\n추가했습니다.
e4c1c4:49:0	{c:0f} 획득！
e4e5e4:100:3	\n１개에 
e4e5e4:100:11	\n몇 개 파시겠어요？
e4e5e4:101:3	\n１개에 
e4e5e4:101:11	\n몇 개 파시겠어요？
e4e5e4:102:3	\n１개에 
e4e5e4:102:11	\n몇 개 파시겠어요？
e50cc0:35:0	{c:0f} 획득！
153fcd8:83:0	{c:0f} 획득！
153fcd8:153:4	\n１개에 
153fcd8:153:12	\n몇 개 파시겠어요？
1540720:80:0	{c:0f} 획득！
1541b80:141:3	\n１개에 
1541b80:141:11	\n몇 개 팔아 줄 거냐？
1541b80:143:3	\n１개에 
1541b80:143:11	\n몇 개 팔아 줄래？
