#번호	KO — 승려→사제·수도승→수도사·스님→신부님(tools/term_church.py 생성)
03db30:30:0	사제\n
03f6d8:30:0	사제\n
156584:181:0	{c:07}수도사{c:0f}
1e8804:10:0	{c:07}수도사\n{c:0f}
1e8804:15:0	{c:07}수도사\n{c:0f}
1e9244:136:0	{c:0f}사제나 마법사처럼\n마법을 다루는 자가 되려는 자는\n어릴 때 책을 읽어 둘 것
2833dc:6:0	{c:0b}모험가의 마음가짐６\n{c:0f}사제나 마법사처럼\n마법을 다루는 자가 되려는 자는\n어릴 때 책을 읽어 둘 것
31e910:130:0	{c:07}수도사\n{c:0f}
321370:36:0	{c:0b}모험가의 마음가짐６\n{c:0f}사제나 마법사처럼\n마법을 다루는 자가 되려는 자는\n어릴 때 책을 읽어 둘 것
3b4358:130:0	{c:07}수도사\n{c:0f}
3b6a40:36:0	{c:0b}모험가의 마음가짐６\n{c:0f}사제나 마법사처럼\n마법을 다루는 자가 되려는 자는\n어릴 때 책을 읽어 둘 것
44c240:130:0	{c:07}수도사\n{c:0f}
44ecf8:36:0	{c:0b}모험가의 마음가짐６\n{c:0f}사제나 마법사처럼\n마법을 다루는 자가 되려는 자는\n어릴 때 책을 읽어 둘 것
4df814:68:0	{c:0b}모험가의 마음가짐６\n{c:0f}사제나 마법사처럼\n마법을 다루는 자가 되려는 자는\n어릴 때 책을 읽어 둘 것
4df814:114:0	{c:07}수도사\n{c:0f}
4e05b8:1:0	사제 ５살 이벤트를 시작합니다
55c0bc:122:0	{c:07}수도사\n{c:0f}
55d994:63:0	{c:0b}모험가의 마음가짐６\n{c:0f}사제나 마법사처럼\n마법을 다루는 자가 되려는 자는\n어릴 때 책을 읽어 둘 것
611548:103:0	{c:07}수도사\n{c:0f}
611948:7:0	사제 １５살 이벤트를 시작합니다
612690:68:0	{c:0b}모험가의 마음가짐６\n{c:0f}사제나 마법사처럼\n마법을 다루는 자가 되려는 자는\n어릴 때 책을 읽어 둘 것
613048:8:10	거짓말 같은 거 하면\n훌륭한 신부님 같은 건\n못 될 거야‥
613048:9:1	{name:0f00}(은)는\n훌륭한 사제가 될 거니까
7c2070:11:0	{c:07}수도사\n{c:0f}
7c2070:16:0	{c:07}수도사\n{c:0f}
7c2d70:136:0	{c:0f}사제나 마법사처럼\n마법을 다루는 자가 되려는 자는\n어릴 때 책을 읽어 둘 것
8576a8:13:0	{c:07}수도사\n{c:0f}
8576a8:18:0	{c:07}수도사\n{c:0f}
8588c8:56:0	{c:0f}사제나 마법사처럼\n마법을 다루는 자가 되려는 자는\n어릴 때 책을 읽어 둘 것
b56b00:115:0	{c:07}마로아의 수도사\n{c:0f}
e4d8fc:19:0	{c:07}로스탈 수도사\n{c:0f}
1540720:37:0	ＡＧＬ＋２의 마법 갑옷\n사제／검사／도적이 장비하는\n{01:0782}{03:0082}인가？
1b96e5c:16:0	에에！！\n사제가 될 거야
1b96e5c:16:1	그 검은 신부님\n처럼 되는 거지？
1cdc524:34:0	사제일 때는 이벤트가 없습니다
1cdc524:39:0	사제일 때는 이벤트가 없습니다
1cdc524:49:0	사제일 때는 이벤트가 없습니다
1cdc524:54:0	사제일 때는 이벤트가 없습니다
2332d5c:11:0	빛을{05:0e} 잃은{05:0d} 사제
G003d722	사제／도적용\n공격력 상승
G003d780	검사／사제용\n공격・방어력 상승
G003f277	사제／도적용\n공격력 상승
G003f2d5	검사／사제용\n공격・방어력 상승
