#fail_boxes_v1 번호	줄인 번역 (창 폭×줄 수에 맞춤 — 2026-09-27, 원문 뜻 유지·군말만 뺌)
1	\n공부하라고 잔소리가 심해서\n놀러 가도 될지 몰라\n뭐‥ 아마 갈 수 있을 거야
2	{c:0b}‥‥‥의 ‥‥‥２\n{c:0f}‥‥ ‥‥‥는‥ 그저 걷는다\n걸어서 ‥과 싸우고 또 걷는다\n‥‥ ‥‥도 모른 채‥‥
3	{c:0b}‥‥‥의 ‥‥‥３\n{c:0f}수수께끼를 풀려면 ‥‥하라！\n벽이나 바닥의 ‥‥한 ‥‥를\n알아채면 한 사람 ‥이다！
4	{c:0b}‥‥‥의 ‥‥‥８\n{c:0f}싸움에선 ‥‥함을 잃지 마라\n자기 싸움‥을 익힐 때까진\n이것저것 ‥‥하게 ‥‥할 것
5	{c:0b}에이너스 ‥‥１\n{c:0f}에이너스(ＡＮＥＡＲＴＨ)\n‥‥는 다섯 ‥‥이 ‥‥한\n‥‥ 호릭스의 ‥으로 ‥‥됐다
6	{c:0b}에이너스 ‥‥８\n{c:0f}‥‥하던 ‥‥ 이슈메리아도\n‥‥년 전 나타난 ‥‥의\n짐승에 의해 ‥‥을 맞았다
7	{c:0b}‥의 ‥‥\n{c:0f}‥을 ‥‥하기 ‥에 ‥신을\n‥‥하라 ‥ 이 ‥‥의\n‥신을 앎이 곧 ‥을 앎이다
8	{c:0b}‥‥ 있는 ‥\n{c:0f}사람의 ‥‥을 정하는 것은\n‥‥도 아니요 ‥‥도 아니다\n하늘의 뜻을 아는 마음이다
9	{c:0b}에이너스 ‥‥\n{c:0f}５개의 ‥‥한 호릭스로부터\n에이너스 ‥‥가 ‥‥했다\n그 ‥의 ‥‥이 다섯 ‥‥이다
10	교주 베르메사가 세기말에\n부활할 “멸망의 짐승”에게서\n이 세계를 구한대
11	{c:0b}에이너스 창세\n{c:0f}５개의 위대한 호릭스로부터\n에이너스 세계가 탄생했다\n그 힘의 상징이 다섯 영검이다
12	{c:0b}생명 있는 자\n{c:0f}사람의 영혼을 정하는 것은\n지위도 아니요 명예도 아니다\n하늘의 뜻을 아는 마음이다
13	{c:0b}신의 존재\n{c:0f}신을 의심하기 전에 자신을\n의심하라 지금 이 순간의\n자신을 앎이 곧 신을 앎이다
14	\n우리‥ 오르트나슈 포교단은\n오늘 지금 이 시각부터‥\n야렘에서 포교 활동을 개시한다
15	\n알고 있겠지만 신자 획득은\n교주님의 지상 명령이며\n사람들의 자유 의지를 존중하여\n포교를 행한다
16	\n인간 본래의 자유가 어쩌고‥\n귀찮은 소리만 늘어놓고\n아무래도 좋잖아‥ 안 그래！？
17	\n사람은 어찌 살아야 하는가！\n낡은 관습과 풍습에 얽매여\n마음의 자유를 잃지 않았나！？
18	\n교주님은 에이너스의 구세주\n라자레스의 환생이시며\n어린 모습으로 늙지 않습니다！
19	{c:0b}모험가의 마음가짐２\n{c:0f}보통 모험가는‥ 그저 걷는다\n걸어서 적과 싸우고 또 걷는다\n진짜 모험도 모른 채‥‥
20	{c:0b}모험가의 마음가짐３\n{c:0f}수수께끼를 풀려면 주의하라！\n벽이나 바닥의 작은 차이를\n알아채면 한 사람 몫이다！
21	{c:0b}모험가의 마음가짐８\n{c:0f}싸움에선 냉정함을 잃지 마라\n자기 싸움법을 익힐 때까진\n이것저것 다양하게 시험할 것
22	{c:0b}에이너스 신화１\n{c:0f}에이너스(ＡＮＥＡＲＴＨ)\n세계는 다섯 영검이 드러낸\n오원 호릭스의 힘으로 창조됐다
23	{c:0b}에이너스 신화８\n{c:0f}번영하던 고대 이슈메리아도\n천 년 전 나타난 멸망의\n짐승에 의해 종말을 맞았다
24	주문서로 호릭스에 잠든\n마법의 큰 힘을 끌어내는 게야\n같은 마법도 쓰는 자의 힘에\n따라 효과가 크게 다를 게다
25	이는 곧 호릭스가 공유하는\n힘이라는 것을 뜻한다\n다른 자가 쓰는 호릭스의\n속성을 파악해 둘 필요가 있다
26	이는 곧 호릭스가 공유하는\n힘이라는 것을 뜻한다\n다른 자가 쓰는 호릭스의\n속성을 파악해 둘 필요가 있다
27	하지만‥ 체력 등과 달리\n힘은 성장해도 늘지 않아\n호릭스를 얻는 것 말고는\n힘을 올릴 방법이 없단다
28	또‥ 힘의 근원 말고도\n마법의 힘을 증폭시키는\n호릭스가 존재한다\n다만 모양은 잘 모른단다‥
29	이렇게‥ {name:0700}은(는)\n올가에게 검을 배우게 됐다‥‥\n가혹한 시련‥ 그것은\n올가의 “사랑”이었다‥？？？
30	‥‥‥‥‥‥‥‥‥‥‥‥‥‥‥‥\n‥‥‥‥‥‥‥‥‥‥‥‥‥‥‥‥\n그래서 뭘 묻고 싶은 게냐？
31	돈을 벌려면 보석이나 금괴를\n찾아서 가게에 팔거나\n도성에서 일하는 수밖에 없지
32	{c:0b}용사 라자레스２\n{c:0f}멸망의 짐승과 싸우다 다친\n라자레스는 바람 바유의\n어느 신전에서 잠이 들었다
33	{c:0b}호릭스란‥\n{c:0f}호릭스는 마법의 근원이다\n그 힘이 떨어져 갈 때에는\n일찌감치 쉬는 게 좋다
34	맥과이어를 구하려면\n나한테 검을 배우는\n수밖에 없을 텐데‥‥
35	너는 내 아들이 아니다.\n갓 태어난 너를 야렘 교회\n앞에서 내가 주웠다. 게다가\n그냥 버려진 아이가 아니었다
36	아～파～～～～！아파아파아파！\n숲에서‥ 맥비한테 습격당했어\n나무 열매‥ 모으고 있었을\n뿐인데‥‥
37	{c:0b}거목 우란타야\n{c:0f}성스러운 작은 용 우리텍스가\n살던 거목은 멸망의 짐승의\n사기를 맞고 썩어 버렸다
38	{c:0b}해적의 섬\n{c:0f}태고부터 해적들이 근거지로\n삼아 온 수수께끼의 섬\n많은 재보가 숨겨졌다고 한다
39	내가 사랑한 마로아 항구가\n놈들 손에 넘어가고 만다\n마지막으로 마을이 내려다보이는\n그 탑에 올라‥‥』
40	『일반신자 노비스나주 등록 후\n상급신자 센티스트 승격을 위해\n구세의 기도 오르티스 궁에서\n강습을 행할 것‥‥』
41	{c:0b}마로아 항구 마을\n{c:0f}『마을을 흐르는 옛 강과 함께\n발전한 마로아 마을은 태고의\n유적 위에 세워졌다』
42	{c:0b}성검의 전설\n{c:0f}고대 이슈메리아 때 벼려진\n이테르의 마법검 {01:075d}{03:005d}\n불사자를 정화하고 악을 벤다
43	{c:0b}짭짤한 돈벌이 방법\n{c:0f}광산 등에는 금괴나 보석을\n몇 번이고 얻는 장소가 있다\n찾은 곳은 체크해 둘 것
44	{c:0b}인조 생물 퓨라길\n{c:0f}대해원 어딘가에 섬이 있다\n고대의 보물을 지키는\n인조 생물들의 섬이‥‥
45	{name:0b00}{c:0b}에 관한 보고서\n{c:0f}우리에게 맞서는 자에 대한\n전투 데이터를 여기에 정리한다\n본서를 숙독해 교적을 없앨 것
46	라라라～　밤바람은 증오를\n실어 나르고～ 대지는 슬픔에\n잠기네～ 사람은 어둠에\n삼켜질 운명인가～
47	고오～대의～ 보물이 잠든 섬～\n욕심에～ 사로잡힌 자들은～\n모～두 잡혀 먹힌다네 응응
48	라라라～　욕망은 끝이 없어～\n결코～ 채워지지 않네～\n오오～ 신이시여 죄 많은 자를\n구원하소서～
49	라라라～　성스러운 작은 용\n우리텍스～ 고운 날개 펼치고～\n노래하네 신의 비밀～ 아아～\n성자에게 승리를 주소서～
50	하지만‥ 내가 먹고픈 건\n우리쿠리라는‥\n원숭이란다
51	아침부터 밤까지 식사 생각뿐‥\n마님을 만족시킬 식단만 있으면\n이런 고생 안 해도 될 텐데！
52	교회에 대한 공헌 포인트는\n５０룩솔 헌금은 １ＵＰ\n１００룩솔 헌금은 ５ＵＰ입니다
53	{c:0b}세계의 무기점・방어구점\n{c:0f}가게에서 취급하지 않는\n귀한 무기를 코인과 바꿔 주는\n코인상이 어딘가에 있다고 한다
54	{c:0b}어 세컨드 큐리엔테스\n{c:0f}학원 졸업자의 최고 칭호\n지금껏 이 찬사를 받은 자는\n자염 아디스와 영황 살몬뿐
55	{c:0b}멸망의 짐승 케올투스\n{c:0f}라자레스에게 쓰러진 짐승은\n살점을 온 세상에 흩뿌려\n사악한 파동으로 섭리를 흐렸다
56	{c:0b}라자레스의 분묘\n{c:0f}라자레스는 짐승을 무찌른 뒤\n힘이 다해 긴 잠에 들었다\n어딘가에 있는 분묘 속에서‥‥
57	{c:0b}오원의 「표식」\n{c:0f}교회의 오원의 「표식」은\n태고의 마술사장 큐리엔테스가\n정한 것이라고 한다
58	{c:0b}성교의 기원\n{c:0f}『성교는 무언가를 후세에\n전하려 큐리엔테스가\n일으켰다‥‥』는 설은\n이단으로 증명되었다
59	{c:0b}라자레스의 성상１\n{c:0f}짐승 토벌 후 그 위업을 기려\n고대 이슈메리아 생존자들이\n만든 구세주 라자레스 조각상
60	{c:0b}라자레스의 성상２\n{c:0f}오원 신을 본뜬 성상 ５개 중\n하나로 나머지 ４개는 각 신의\n신전에 안치되었다
61	{c:0b}레나의 일기２\n{c:0f}아버님의 뒤를 잇는 것이\n나에게는 허락되지 않다니‥‥\n여자로 태어나지 말 것을‥
62	아디스 님\n용사들은 성에 묶어 뒀습니다.\n성상지기 대신관은 욕심쟁이.\n꾀어서 조종하기 쉽습니다.
63	이슈메리아 황국을 허락하고\n오르트나슈라는 수상한\n종교까지 퍼뜨리게 하고‥‥
64	백성은 종말을 믿고\n수상한 종교가 유행하며\n왕국은 신망을 잃었다
65	나도 할 수만 있다면\n이 몸을 나라와‥‥\n백성에게 바치고 싶다
66	선왕 란세올 님께서는\n폐하가 어리실 적\n승하하신 걸로 알려졌소
67	폐하의 모후께서는\n마음고생 끝에\n성벽에서 투신하시고‥‥
68	폐하는 부모 정을 모르고\n거칠어져 국정을 버리고\n유흥에 빠지셨소‥‥
69	이런 일만 없었다면\n오르트나슈 포교 따위\n허락되지 않았을 것이오
70	{c:04}우리쿠리는 맛있어？　　　　　　우리쿠리보다 맛있는 건？　　　우리쿠리를 맛있게 먹는 법은？우리쿠리를 먹어 본 적 있어？
71	{c:0b}해적섬의 비밀\n{c:0f}해적섬 「시련의 동굴」에는\n３개의 문이 있는 층 위에\n비밀의 방이 숨겨져 있다
72	{c:0b}퓨라길의 섬２\n{c:0f}「땅」 밑바닥에 숨겨진\n「물」「불」「바람」「하늘」의\n미궁에 ５개의 보주가\n안치되어 있다
73	그대　운명에 맞서는 자여\n나의 손바닥에 오르고 싶거든\n아래층의 작동 스위치를 찾아라
74	다 같이 힘을 합치자！\n마법학원 티나 님께 보고하자！\n도성의 에노라에게 점을 보자！\n어떻게 할지 의견을 들려줘
75	{c:04}아름다운 노래가 멀리 울렸다\n바람에 실려 가사는 안 들린다\n하지만‥ 가슴을 조이는\n구슬프고도 다정한 선율이었다
76	{c:04}『옛 계약을 따르는 자여\n그대‥ 오원의 성상을 구하라\n멸망의 파동을 깨뜨릴\n단 하나의 힘을 보이리라‥‥』
77	『옛 계약을 따를 자여\n그대‥ 오원의 성상을\n구하라‥‥
78	여기 오는 자에게 경고한다！\n비보가 잠든 섬이라는 전설은\n놈들이 지어낸 거짓말이다！\n욕심에 눈먼 인간을 놈들은‥‥
79	재보‥ 찾아올래‥\n여기서 고기가‥ 될래‥\n어느 쪽이냐‥‥？
80	하지만‥ 이 세상에 정말로\n쓸모없는 것 따윈 없는 법！\n저런 놈들이라도 살아 있으면\n나름 쓸모가 있을지도 모른다
81	왕은 대신관이 못마땅하신가 봐\n대신관은 해저 대신전을\n자기 것처럼 쓰고 있으니
82	바람 두른 은발 소년‥\n네가 １８년 전에\n약속하지 않았느냐！
83	천상 삼신인의 하나！\n닌자 버스터기어가\n{c:0b}요르그 숲{c:0f}에서 기다려！
84	바유의 용사 파우를\n비라그리스 신전으로\n꾀어내어　처치한다！
85	{c:0b}ＭＯＮＵＭＥＮＴ\n{c:0f}비석에 적힌 글자를 읽었다！{0a:0103}멸망의 운명에 맞선 자여\n냉기를 봉한 마법 가지를 들고\n화염의 길을 건너라\n그것이 너를 화신께 이끌리라
86	멸망의 운명에 맞서는 자여\n여섯째 봉인의 열쇠는 다섯\n오원을 본뜬 미궁을 지나\n각각의 보주를 손에 넣으라
87	{c:04}멸망의 운명에 맞서는 자여\n여섯째 봉인의 열쇠는 다섯\n오원을 본뜬 미궁을 지나\n각각의 보주를 손에 넣으라
88	운명에 맞서는 자여\n영검 샤크하르가 기다린다！\n물의 아파스의 힘을 지니고\n탑의 정상을 향하라！
89	마검 아바타크를 잃은 너는\n목숨이 꺼져 가고 있었지\n레나의 몸에 너를 깃들여\n도망치게 한 건 나였어
90	이렇게‥ 가끔 나를 되찾을 때\n너의 말을 떠올려\n「사람은 자신의 한계를 모른다\n그러니 무한한 가능성이 있다」\n사람에게 세상을 다스릴\n자격이 있다면 신 없는 세상에\n미래가 있다면 네가 보여 줘\n나는 기꺼이　그 초석이 될게
91	멸망의 짐승은\n우리 생각 이상으로\n교활한 지능을 지녔어
92	후우‥\n（코가 조금만 더\n오똑했으면）‥하아‥‥
93	왕국 제일 로브아티스트\n카심 님한테\n실례라고 생각 안 하냐
94	그런 걸 뭐 하게\n아버지한테 머리라도\n쓰다듬 받을 셈이냐？
