#번호	KO — 이름 원문 폭 기준으로 넘친 줄 줄임(tools/fix_padwidth.py)
159148:10:0	{c:0b}에이너스 ‥‥２\n{c:0f}땅의 ‥‥인 ‥‥ 아셔는\n‥‥의 ‥‥ 가이아스를\n{01:0738}{03:0038}{c:0f}의 ‥으로 삼다
159148:11:0	{c:0b}에이너스 ‥‥３\n{c:0f}물의 ‥‥{03:005f}{c:07}‥‥ 샤크하르{c:0f}는\n‥‥의 ‥‥ 포츠레스를\n{01:0739}{03:0039}{c:0f}의 ‥으로 삼다
159148:12:0	{c:0b}에이너스 ‥‥４\n{c:0f}불의 ‥‥인 ‥‥ 티르트리테라는 ‥‥의 ‥‥ 비라그리스를\n{01:073a}{03:003a}{c:0f}의 ‥으로 삼다
159148:13:0	{c:0b}에이너스 ‥‥５\n{c:0f}바람의 ‥‥{03:0060}{c:07}‥‥ 아바타크{c:0f}는\n‥‥ ‥‥ 라자레스를\n{01:073b}{03:003b}{c:0f}의 ‥으로 삼다
159148:14:0	{c:0b}에이너스 ‥‥６\n{c:0f}하늘의 ‥‥인 ‥‥ 파르트랄은\n‥‥ 투르케스를\n{01:073c}{03:003c}{c:0f}의 ‥으로 삼다
1e7fa8:14:1	푸른 정원(正圓)이 상징하는\n{01:073b}{03:003b}에 관한 것이\n당신을 인도할 것입니다
1e9244:142:0	{c:0f}땅의 영검인 거검 아셔는\n전설의 거인 가이아스를\n{01:0738}{03:0038}의 신으로 삼다
1e9244:143:0	{c:0f}물의 영검{03:005f}{01:075f}는\n정령의 우두머리 포츠레스를\n{01:0739}{03:0039}의 신으로 삼다
1e9244:144:0	{c:0f}불의 영검인 황검 티르트리테라는 명계의 황제 비라그리스를\n{01:073a}{03:003a}의 신으로 삼다
1e9244:145:0	{c:0f}바람의 영검 {03:0060}{01:0760}는\n인간 용사 라자레스를\n{01:073b}{03:003b}의 신으로 삼다
1e9244:146:0	{c:0f}하늘의 영검인 성검 파르트랄은\n용신 투르케스를\n{01:073c}{03:003c}의 신으로 삼다
2833dc:10:0	{c:0b}에이너스 신화２\n{c:0f}땅의 영검인 거검 아셔는\n전설의 거인 가이아스를\n{01:0738}{03:0038}{c:0f}의 신으로 삼다
2833dc:11:0	{c:0b}에이너스 신화３\n{c:0f}물의 영검{03:005f}{01:075f}{c:0f}는\n정령의 우두머리 포츠레스를\n{01:0739}{03:0039}{c:0f}의 신으로 삼다
2833dc:12:0	{c:0b}에이너스 신화４\n{c:0f}불의 영검 황검 티르트리테라는\n명계의 황제 비라그리스를\n{01:073a}{03:003a}{c:0f}의 신으로 삼다
2833dc:13:0	{c:0b}에이너스 신화５\n{c:0f}바람의영검{03:0060}{01:0760}{c:0f}은(는)\n인간용사 라자레스를\n{01:073b}{03:003b}{c:0f}의 신으로 삼다
2833dc:14:0	{c:0b}에이너스 신화６\n{c:0f}하늘의 영검인 성검 파르트랄은\n용신 투르케스를\n{01:073c}{03:003c}{c:0f}의 신으로 삼다
321370:40:0	{c:0b}에이너스 신화２\n{c:0f}땅의 영검인 거검 아셔는\n전설의 거인 가이아스를\n{01:0738}{03:0038}의 신으로 삼다
321370:41:0	{c:0b}에이너스 신화３\n{c:0f}물의 영검{03:005f}{01:075f}는\n정령의 우두머리 포츠레스를\n{01:0739}{03:0039}의 신으로 삼다
321370:42:0	{c:0b}에이너스 신화４\n{c:0f}불의 영검 황검 티르트리테라는\n명계의 황제 비라그리스를\n{01:073a}{03:003a}의 신으로 삼다
321370:43:0	{c:0b}에이너스 신화５\n{c:0f}바람의영검{03:0060}{01:0760}은(는)\n인간용사 라자레스를\n{01:073b}{03:003b}의 신으로 삼다
321370:44:0	{c:0b}에이너스 신화６\n{c:0f}하늘의 영검인 성검 파르트랄은\n용신 투르케스를\n{01:073c}{03:003c}의 신으로 삼다
3b4984:30:1	푸른 정원이 상징하는\n{01:073b}{03:003b}에 관한 것이\n당신을 이끌 겁니다
3b6a40:40:0	{c:0b}에이너스 신화２\n{c:0f}땅의 영검인 거검 아셔는\n전설의 거인 가이아스를\n{01:0738}{03:0038}의 신으로 삼다
3b6a40:41:0	{c:0b}에이너스 신화３\n{c:0f}물의 영검{03:005f}{01:075f}는\n정령의 우두머리 포츠레스를\n{01:0739}{03:0039}의 신으로 삼다
3b6a40:42:0	{c:0b}에이너스 신화４\n{c:0f}불의 영검 황검 티르트리테라는\n명계의 황제 비라그리스를\n{01:073a}{03:003a}의 신으로 삼다
3b6a40:43:0	{c:0b}에이너스 신화５\n{c:0f}바람의영검{03:0060}{01:0760}은(는)\n인간용사 라자레스를\n{01:073b}{03:003b}의 신으로 삼다
3b6a40:44:0	{c:0b}에이너스 신화６\n{c:0f}하늘의 영검인 성검 파르트랄은\n용신 투르케스를\n{01:073c}{03:003c}의 신으로 삼다
44ecf8:40:0	{c:0b}에이너스 신화２\n{c:0f}땅의 영검인 거검 아셔는\n전설의 거인 가이아스를\n{01:0738}{03:0038}의 신으로 삼다
44ecf8:41:0	{c:0b}에이너스 신화３\n{c:0f}물의 영검{03:005f}{01:075f}는\n정령의 우두머리 포츠레스를\n{01:0739}{03:0039}의 신으로 삼다
44ecf8:42:0	{c:0b}에이너스 신화４\n{c:0f}불의 영검 황검 티르트리테라는\n명계의 황제 비라그리스를\n{01:073a}{03:003a}의 신으로 삼다
44ecf8:43:0	{c:0b}에이너스 신화５\n{c:0f}바람의영검{03:0060}{01:0760}은(는)\n인간용사 라자레스를\n{01:073b}{03:003b}의 신으로 삼다
44ecf8:44:0	{c:0b}에이너스 신화６\n{c:0f}하늘의 영검인 성검 파르트랄은\n용신 투르케스를\n{01:073c}{03:003c}의 신으로 삼다
4df814:72:0	{c:0b}에이너스 신화２\n{c:0f}땅의 영검인 거검 아셔는\n전설의 거인 가이아스를\n{01:0738}{03:0038}{c:0f}의 신으로 삼다
4df814:73:0	{c:0b}에이너스 신화３\n{c:0f}물의 영검{03:005f}{01:075f}{c:0f}는\n정령의 우두머리 포츠레스를\n{01:0739}{03:0039}{c:0f}의 신으로 삼다
4df814:74:0	{c:0b}에이너스 신화４\n{c:0f}불의 영검 황검 티르트리테라는\n명계의 황제 비라그리스를\n{01:073a}{03:003a}{c:0f}의 신으로 삼다
4df814:75:0	{c:0b}에이너스 신화５\n{c:0f}바람의영검{03:0060}{01:0760}{c:0f}은(는)\n인간용사 라자레스를\n{01:073b}{03:003b}{c:0f}의 신으로 삼다
4df814:76:0	{c:0b}에이너스 신화６\n{c:0f}하늘의 영검인 성검 파르트랄은\n용신 투르케스를\n{01:073c}{03:003c}{c:0f}의 신으로 삼다
55d994:67:0	{c:0b}에이너스 신화２\n{c:0f}땅의 영검인 거검 아셔는\n전설의 거인 가이아스를\n{01:0738}{03:0038}{c:0f}의 신으로 삼다
55d994:68:0	{c:0b}에이너스 신화３\n{c:0f}물의 영검{03:005f}{01:075f}{c:0f}는\n정령의 우두머리 포츠레스를\n{01:0739}{03:0039}{c:0f}의 신으로 삼다
55d994:69:0	{c:0b}에이너스 신화４\n{c:0f}불의 영검 황검 티르트리테라는\n명계의 황제 비라그리스를\n{01:073a}{03:003a}{c:0f}의 신으로 삼다
55d994:70:0	{c:0b}에이너스 신화５\n{c:0f}바람의영검{03:0060}{01:0760}{c:0f}은(는)\n인간용사 라자레스를\n{01:073b}{03:003b}{c:0f}의 신으로 삼다
55d994:71:0	{c:0b}에이너스 신화６\n{c:0f}하늘의 영검인 성검 파르트랄은\n용신 투르케스를\n{01:073c}{03:003c}{c:0f}의 신으로 삼다
612690:72:0	{c:0b}에이너스 신화２\n{c:0f}땅의 영검인 거검 아셔는\n전설의 거인 가이아스를\n{01:0738}{03:0038}{c:0f}의 신으로 삼다
612690:73:0	{c:0b}에이너스 신화３\n{c:0f}물의 영검{03:005f}{01:075f}{c:0f}는\n정령의 우두머리 포츠레스를\n{01:0739}{03:0039}{c:0f}의 신으로 삼다
612690:74:0	{c:0b}에이너스 신화４\n{c:0f}불의 영검 황검 티르트리테라는\n명계의 황제 비라그리스를\n{01:073a}{03:003a}{c:0f}의 신으로 삼다
612690:75:0	{c:0b}에이너스 신화５\n{c:0f}바람의영검{03:0060}{01:0760}{c:0f}은(는)\n인간용사 라자레스를\n{01:073b}{03:003b}{c:0f}의 신으로 삼다
612690:76:0	{c:0b}에이너스 신화６\n{c:0f}하늘의 영검인 성검 파르트랄은\n용신 투르케스를\n{01:073c}{03:003c}{c:0f}의 신으로 삼다
7c2d70:142:0	{c:0f}땅의 영검인 거검 아셔는\n전설의 거인 가이아스를\n{01:0738}{03:0038}의 신으로 삼다
7c2d70:143:0	{c:0f}물의 영검{03:005f}{01:075f}는\n정령의 우두머리 포츠레스를\n{01:0739}{03:0039}의 신으로 삼다
7c2d70:144:0	{c:0f}불의 영검인 황검 티르트리테라는 명계의 황제 비라그리스를\n{01:073a}{03:003a}의 신으로 삼다
7c2d70:145:0	{c:0f}바람의 영검 {03:0060}{01:0760}는\n인간 용사 라자레스를\n{01:073b}{03:003b}의 신으로 삼다
7c2d70:146:0	{c:0f}하늘의 영검인 성검 파르트랄은\n용신 투르케스를\n{01:073c}{03:003c}의 신으로 삼다
8588c8:60:0	{c:0f}땅의 영검인 거검 아셔는\n전설의 거인 가이아스를\n{01:0738}{03:0038}의 신으로 삼다
8588c8:61:0	{c:0f}물의 영검{03:005f}{01:075f}는\n정령의 우두머리 포츠레스를\n{01:0739}{03:0039}의 신으로 삼다
8588c8:62:0	{c:0f}불의 영검인 황검 티르트리테라는 명계의 황제 비라그리스를\n{01:073a}{03:003a}의 신으로 삼다
8588c8:63:0	{c:0f}바람의 영검 {03:0060}{01:0760}는\n인간 용사 라자레스를\n{01:073b}{03:003b}의 신으로 삼다
8588c8:64:0	{c:0f}하늘의 영검인 성검 파르트랄은\n용신 투르케스를\n{01:073c}{03:003c}의 신으로 삼다
b5a438:103:0	{c:0b}성검의 전설\n{c:0f}고대 이슈메리아 때 벼려진\n이테르 마법검 {01:075d}{03:005d}\n불사자를 정화하고 악을 벤다
