#블록	포인터	delta	확인수
82368	822fc	5ff6000	1
82e5c	82300	5ff6000	2
83afc	82304	5ff6000	2
8487c	82308	5ff6000	2
8534c	8230c	5ff6000	2
85ffc	82310	5ff6000	2
86fe0	82314	5ff6000	2
87ae8	82318	5ff6000	2
885f4	8231c	5ff6000	2
892a4	82320	5ff6000	2
8a004	82324	5ff6000	2
8aac0	82328	5ff6000	2
8b788	8232c	5ff6000	2
8c6a0	82330	5ff6000	2
8d438	82334	5ff6000	2
8e430	82338	5ff6000	2
8f19c	8233c	5ff6000	2
90098	82340	5ff6000	2
90b48	82344	5ff6000	2
90dc8	82348	5ff6000	2
90e64	8234c	5ff6000	2
910b4	82350	5ff6000	2
91314	82354	5ff6000	2
9198c	82358	5ff6000	2
92010	8235c	5ff6000	2
9268c	82360	5ff6000	1
a499c	a4808	196800	0
af67c	af664	196800	1
afd78	af668	196800	2
b069c	af66c	196800	2
b0d3c	af670	196800	2
b0ff8	af674	196800	2
b20b8	af678	196800	1
b2934	b287c	196800	0
b32c4	b2880	196800	0
b3aa4	b2884	196800	0
b42ac	b2888	196800	0
b4c24	b288c	196800	0
b54e4	b2890	196800	0
b5dcc	b2894	196800	0
b687c	b6668	1965f4	1
c5bec	b666c	1965f4	1
d74b4	d74a8	196800	1
d7784	d74ac	196800	2
d7994	d74b0	196800	1
d8250	d8244	196800	1
d8e78	d8248	196800	2
da364	d824c	196800	1
dd834	dd62c	196800	0
ed714	ed708	196800	1
ee688	ed70c	196800	2
effa8	ed710	196800	1
f0d7c	f0d70	196800	1
f1ea0	f0d74	196800	2
f35a8	f0d78	196800	1
f4668	f465c	196800	1
f58bc	f4660	196800	2
f7f5c	f4664	196800	1
13aca0	13a9ac	100800	0
156584	15655c	100800	1
156948	156560	100800	2
156c84	156564	100800	2
15711c	156568	100800	2
1580b0	15656c	100800	2
158b0c	156570	100800	2
159148	156574	100800	2
159694	156578	100800	2
159b34	15657c	100800	2
15a140	156580	100800	1
15a738	15a668	100800	0
15b0bc	15a66c	100800	0
15b8c4	15a670	100800	0
15c23c	15a674	100800	0
15cafc	15a678	100800	0
15d3e4	15a67c	100800	0
15dd00	15a680	100800	0
15e690	15a684	100800	0
15edc4	15a688	100800	0
15f790	15a68c	100800	0
16017c	15ff68	1005f4	1
171c3c	15ff6c	1005f4	1
183cd4	183cc8	100800	1
1848fc	183ccc	100800	2
185de8	183cd0	100800	1
1868e0	1868d4	100800	1
186a18	1868d8	100800	2
186b34	1868dc	100800	1
186d24	186d18	100800	1
186e60	186d1c	100800	2
186f78	186d20	100800	1
187178	18716c	100800	1
1872a8	187170	100800	2
1873b8	187174	100800	1
1875b4	1875a8	100800	1
187768	1875ac	100800	2
187908	1875b0	100800	1
187bd0	187bc4	100800	1
187dd8	187bc8	100800	2
187f94	187bcc	100800	1
188338	18832c	100800	1
188a68	188a5c	100800	1
188b60	188a60	100800	2
188c3c	188a64	100800	1
188de0	188dd4	100800	1
188ef0	188dd8	100800	2
188fe8	188ddc	100800	1
1891b8	1891ac	100800	1
1892d0	1891b0	100800	2
1893cc	1891b4	100800	1
1895c0	1895b4	100800	1
189704	1895b8	100800	2
189824	1895bc	100800	0
189a44	189a38	100800	1
189b64	189a3c	100800	0
189c68	189a40	100800	1
189e78	189e6c	100800	1
189fc0	189e70	100800	2
18a0e0	189e74	100800	1
18a310	18a304	100800	1
18a458	18a308	100800	2
18a594	18a30c	100800	1
18a780	18a774	100800	1
18a9f0	18a778	100800	2
18ac28	18a77c	100800	1
18b00c	18b000	100800	1
18b224	18b004	100800	2
18b3fc	18b008	100800	1
18b858	18b84c	100800	1
18b95c	18b850	100800	2
18ba58	18b854	100800	1
18bbf8	18bbec	100800	1
18be1c	18bbf0	100800	2
18bff0	18bbf4	100800	1
18c360	18c354	100800	1
18c514	18c358	100800	2
18c678	18c35c	100800	1
18c9cc	18c9c0	100800	1
18cab0	18c9c4	100800	2
18cb90	18c9c8	100800	1
18cd34	18cd28	100800	1
18ce2c	18cd2c	100800	2
18cf00	18cd30	100800	1
18d64c	18d640	100800	1
18d744	18d644	100800	2
18d820	18d648	100800	1
18d9c4	18d9b8	100800	1
18dad4	18d9bc	100800	2
18dbcc	18d9c0	100800	1
18dd9c	18dd90	100800	1
18deb4	18dd94	100800	2
18dfb0	18dd98	100800	1
18e1a4	18e198	100800	1
18e2e8	18e19c	100800	2
18e408	18e1a0	100800	0
18e628	18e61c	100800	1
18e748	18e620	100800	0
18e84c	18e624	100800	1
18ea5c	18ea50	100800	1
18eba4	18ea54	100800	2
18ecc4	18ea58	100800	1
18eef4	18eee8	100800	1
18f03c	18eeec	100800	2
18f178	18eef0	100800	1
18f364	18f358	100800	1
18f5d4	18f35c	100800	2
18f80c	18f360	100800	1
18fbf0	18fbe4	100800	1
18fe08	18fbe8	100800	2
18ffe0	18fbec	100800	1
19043c	190430	100800	1
190540	190434	100800	2
19063c	190438	100800	1
1907dc	1907d0	100800	1
190a00	1907d4	100800	2
190bd4	1907d8	100800	1
190f44	190f38	100800	1
1910f8	190f3c	100800	2
19125c	190f40	100800	1
1915b0	1915a4	100800	1
191694	1915a8	100800	2
191774	1915ac	100800	1
191918	19190c	100800	1
191a10	191910	100800	2
191ae4	191914	100800	1
1d07d0	1d051c	6a800	0
1e6fac	1e6f84	6a800	1
1e728c	1e6f88	6a800	2
1e755c	1e6f8c	6a800	2
1e78b4	1e6f90	6a800	2
1e7fa8	1e6f94	6a800	2
1e8804	1e6f98	6a800	2
1e8d94	1e6f9c	6a800	2
1e9244	1e6fa0	6a800	2
1e9bc4	1e6fa4	6a800	2
1ea1d4	1e6fa8	6a800	1
1ea7ac	1ea6d4	6a800	0
1eb130	1ea6d8	6a800	0
1eb938	1ea6dc	6a800	0
1ec2b0	1ea6e0	6a800	0
1ecb70	1ea6e4	6a800	0
1ed458	1ea6e8	6a800	0
1edd74	1ea6ec	6a800	0
1ee554	1ea6f0	6a800	0
1eeee4	1ea6f4	6a800	0
1ef618	1ea6f8	6a800	0
1effe4	1ea6fc	6a800	0
1f09d0	1f07bc	6a5f4	1
202490	1f07c0	6a5f4	1
214528	21451c	6a800	1
215150	214520	6a800	2
21663c	214524	6a800	1
217134	217128	6a800	1
21726c	21712c	6a800	2
217388	217130	6a800	1
217578	21756c	6a800	1
2176b4	217570	6a800	2
2177cc	217574	6a800	1
2179cc	2179c0	6a800	1
217afc	2179c4	6a800	2
217c0c	2179c8	6a800	1
217e08	217dfc	6a800	1
217fbc	217e00	6a800	2
21815c	217e04	6a800	1
218424	218418	6a800	1
21862c	21841c	6a800	2
2187e8	218420	6a800	1
218b8c	218b80	6a800	1
218d74	218b84	6a800	2
218f2c	218b88	6a800	1
2192bc	2192b0	6a800	1
2193b4	2192b4	6a800	2
219490	2192b8	6a800	1
219634	219628	6a800	1
219744	21962c	6a800	2
21983c	219630	6a800	1
219a0c	219a00	6a800	1
219b24	219a04	6a800	2
219c20	219a08	6a800	1
219e14	219e08	6a800	1
219f58	219e0c	6a800	2
21a078	219e10	6a800	0
21a298	21a28c	6a800	1
21a3b8	21a290	6a800	0
21a4bc	21a294	6a800	1
21a6cc	21a6c0	6a800	1
21a814	21a6c4	6a800	2
21a934	21a6c8	6a800	1
21ab64	21ab58	6a800	1
21acac	21ab5c	6a800	2
21ade8	21ab60	6a800	1
21afd4	21afc8	6a800	1
21b244	21afcc	6a800	2
21b47c	21afd0	6a800	1
21b860	21b854	6a800	1
21ba78	21b858	6a800	2
21bc50	21b85c	6a800	1
21c0ac	21c0a0	6a800	1
21c1b0	21c0a4	6a800	2
21c2ac	21c0a8	6a800	1
21c44c	21c440	6a800	1
21c670	21c444	6a800	2
21c844	21c448	6a800	1
21cbb4	21cba8	6a800	1
21cd68	21cbac	6a800	2
21cecc	21cbb0	6a800	1
21d220	21d214	6a800	1
21d304	21d218	6a800	2
21d3e4	21d21c	6a800	1
21d588	21d57c	6a800	1
21d680	21d580	6a800	2
21d754	21d584	6a800	1
21d9bc	21d9b0	6a800	1
21db70	21d9b4	6a800	2
21dcd4	21d9b8	6a800	1
21e028	21e01c	6a800	1
21e10c	21e020	6a800	2
21e1ec	21e024	6a800	1
21e394	21e388	6a800	1
21e48c	21e38c	6a800	2
21e560	21e390	6a800	1
2644d5	2582a0	fffc9117	1
264565	2582a4	fffc9117	1
267b18	2677ec	fffd4800	0
280c48	280c20	fffd4800	1
281094	280c24	fffd4800	2
281390	280c28	fffd4800	2
281404	280c2c	fffd4800	2
281e8c	280c30	fffd4800	2
282c18	280c34	fffd4800	2
2833dc	280c38	fffd4800	2
283c9c	280c3c	fffd4800	2
284170	280c40	fffd4800	2
284718	280c44	fffd4800	1
284ee8	284e38	fffd4800	0
28586c	284e3c	fffd4800	0
286074	284e40	fffd4800	0
2869ec	284e44	fffd4800	0
2872ac	284e48	fffd4800	0
287b94	284e4c	fffd4800	0
28874c	288538	fffd45f4	1
29a20c	28853c	fffd45f4	1
2ac2a4	2ac298	fffd4800	1
2acecc	2ac29c	fffd4800	2
2ae3b8	2ac2a0	fffd4800	1
2aeeb0	2aeea4	fffd4800	1
2aefe8	2aeea8	fffd4800	2
2af104	2aeeac	fffd4800	1
2af2f4	2af2e8	fffd4800	1
2af430	2af2ec	fffd4800	2
2af548	2af2f0	fffd4800	1
2af748	2af73c	fffd4800	1
2af878	2af740	fffd4800	2
2af988	2af744	fffd4800	1
2afb84	2afb78	fffd4800	1
2afd38	2afb7c	fffd4800	2
2afed8	2afb80	fffd4800	1
2b01a0	2b0194	fffd4800	1
2b03a8	2b0198	fffd4800	2
2b0564	2b019c	fffd4800	1
2b0908	2b08fc	fffd4800	1
2b0af0	2b0900	fffd4800	2
2b0ca8	2b0904	fffd4800	1
2b1038	2b102c	fffd4800	1
2b1130	2b1030	fffd4800	2
2b120c	2b1034	fffd4800	1
2b13b0	2b13a4	fffd4800	1
2b14c0	2b13a8	fffd4800	2
2b15b8	2b13ac	fffd4800	1
2b1788	2b177c	fffd4800	1
2b18a0	2b1780	fffd4800	2
2b199c	2b1784	fffd4800	1
2b1b90	2b1b84	fffd4800	1
2b1cd4	2b1b88	fffd4800	2
2b1df4	2b1b8c	fffd4800	0
2b2014	2b2008	fffd4800	1
2b2134	2b200c	fffd4800	0
2b2238	2b2010	fffd4800	1
2b2448	2b243c	fffd4800	1
2b2590	2b2440	fffd4800	2
2b26b0	2b2444	fffd4800	1
2b28e0	2b28d4	fffd4800	1
2b2a28	2b28d8	fffd4800	2
2b2b64	2b28dc	fffd4800	1
2b2d50	2b2d44	fffd4800	1
2b2fc0	2b2d48	fffd4800	2
2b31f8	2b2d4c	fffd4800	1
2b35dc	2b35d0	fffd4800	1
2b37f4	2b35d4	fffd4800	2
2b39cc	2b35d8	fffd4800	1
2b3e28	2b3e1c	fffd4800	1
2b3f2c	2b3e20	fffd4800	2
2b4028	2b3e24	fffd4800	1
2b41c8	2b41bc	fffd4800	1
2b43ec	2b41c0	fffd4800	2
2b45c0	2b41c4	fffd4800	1
2b4930	2b4924	fffd4800	1
2b4ae4	2b4928	fffd4800	2
2b4c48	2b492c	fffd4800	1
2b4f9c	2b4f90	fffd4800	1
2b5080	2b4f94	fffd4800	2
2b5160	2b4f98	fffd4800	1
2b5304	2b52f8	fffd4800	1
2b53fc	2b52fc	fffd4800	2
2b54d0	2b5300	fffd4800	1
2b565c	2b5650	fffd4800	1
2b576c	2b5654	fffd4800	2
2b5864	2b5658	fffd4800	1
2b5a34	2b5a28	fffd4800	1
2b5b4c	2b5a2c	fffd4800	2
2b5c48	2b5a30	fffd4800	1
2b5e3c	2b5e30	fffd4800	1
2b5f80	2b5e34	fffd4800	2
2b60a0	2b5e38	fffd4800	0
2b62c0	2b62b4	fffd4800	1
2b63e0	2b62b8	fffd4800	0
2b64e4	2b62bc	fffd4800	1
2b66f4	2b66e8	fffd4800	1
2b683c	2b66ec	fffd4800	2
2b695c	2b66f0	fffd4800	1
2b6b8c	2b6b80	fffd4800	1
2b6cd4	2b6b84	fffd4800	2
2b6e10	2b6b88	fffd4800	1
2b6ffc	2b6ff0	fffd4800	1
2b726c	2b6ff4	fffd4800	2
2b74a4	2b6ff8	fffd4800	1
2b7888	2b787c	fffd4800	1
2b7aa0	2b7880	fffd4800	2
2b7c78	2b7884	fffd4800	1
2b80d4	2b80c8	fffd4800	1
2b81d8	2b80cc	fffd4800	2
2b82d4	2b80d0	fffd4800	1
2b8474	2b8468	fffd4800	1
2b8698	2b846c	fffd4800	2
2b886c	2b8470	fffd4800	1
2b8bdc	2b8bd0	fffd4800	1
2b8d90	2b8bd4	fffd4800	2
2b8ef4	2b8bd8	fffd4800	1
2b9248	2b923c	fffd4800	1
2b932c	2b9240	fffd4800	2
2b940c	2b9244	fffd4800	1
2b95b0	2b95a4	fffd4800	1
2b96a8	2b95a8	fffd4800	2
2b977c	2b95ac	fffd4800	1
2ee404	2ee3e0	fff3e800	0
2f842c	2ee3f8	fff3e800	0
3068b4	3065d0	fff3e800	0
31e910	31e8e8	fff3e800	1
31ee04	31e8ec	fff3e800	2
31fba4	31e8f0	fff3e800	2
320224	31e8f4	fff3e800	2
320658	31e8f8	fff3e800	2
320db8	31e8fc	fff3e800	2
32110c	31e900	fff3e800	2
321370	31e904	fff3e800	2
321c9c	31e908	fff3e800	2
3222ec	31e90c	fff3e800	1
3228c4	3227cc	fff3e800	0
323248	3227d0	fff3e800	0
323c04	3227d4	fff3e800	0
324528	3227d8	fff3e800	0
324e50	3227dc	fff3e800	0
3255cc	3227e0	fff3e800	0
325ee8	3227e4	fff3e800	0
326890	3227e8	fff3e800	0
327a10	3227f0	fff3e800	0
3282d0	3227f4	fff3e800	0
328bb8	3227f8	fff3e800	0
329548	3227fc	fff3e800	0
329c7c	322800	fff3e800	0
32a648	322804	fff3e800	0
32b034	32ae20	fff3e5f4	1
33caf4	32ae24	fff3e5f4	1
34eb8c	34eb80	fff3e800	1
34f7b4	34eb84	fff3e800	2
350ca0	34eb88	fff3e800	1
351798	35178c	fff3e800	1
3518d0	351790	fff3e800	2
3519ec	351794	fff3e800	1
351bdc	351bd0	fff3e800	1
351d18	351bd4	fff3e800	2
351e30	351bd8	fff3e800	1
352030	352024	fff3e800	1
352160	352028	fff3e800	2
352270	35202c	fff3e800	1
35246c	352460	fff3e800	1
352620	352464	fff3e800	2
3527c0	352468	fff3e800	1
352a88	352a7c	fff3e800	1
352c90	352a80	fff3e800	2
352e4c	352a84	fff3e800	1
3531f0	3531e4	fff3e800	1
3533d8	3531e8	fff3e800	2
353590	3531ec	fff3e800	1
353920	353914	fff3e800	1
353a18	353918	fff3e800	2
353af4	35391c	fff3e800	1
353c98	353c8c	fff3e800	1
353da8	353c90	fff3e800	2
353ea0	353c94	fff3e800	1
354070	354064	fff3e800	1
354188	354068	fff3e800	2
354284	35406c	fff3e800	1
354478	35446c	fff3e800	1
3545bc	354470	fff3e800	2
3546dc	354474	fff3e800	0
3548fc	3548f0	fff3e800	1
354a1c	3548f4	fff3e800	0
354b20	3548f8	fff3e800	1
354d30	354d24	fff3e800	1
354e78	354d28	fff3e800	2
354f98	354d2c	fff3e800	1
3551c8	3551bc	fff3e800	1
355310	3551c0	fff3e800	2
35544c	3551c4	fff3e800	1
355638	35562c	fff3e800	1
3558a8	355630	fff3e800	2
355ae0	355634	fff3e800	1
355ec4	355eb8	fff3e800	1
3560dc	355ebc	fff3e800	2
3562b4	355ec0	fff3e800	1
356710	356704	fff3e800	1
356814	356708	fff3e800	2
356910	35670c	fff3e800	1
356ab0	356aa4	fff3e800	1
356cd4	356aa8	fff3e800	2
356ea8	356aac	fff3e800	1
357218	35720c	fff3e800	1
3573cc	357210	fff3e800	2
357530	357214	fff3e800	1
357884	357878	fff3e800	1
357968	35787c	fff3e800	2
357a48	357880	fff3e800	1
357bec	357be0	fff3e800	1
357ce4	357be4	fff3e800	2
357db8	357be8	fff3e800	1
384f40	384f1c	ffea8800	0
38ef68	384f34	ffea8800	0
39c4d4	39c210	ffea8800	0
3b4358	3b4330	ffea8800	1
3b4984	3b4334	ffea8800	2
3b565c	3b4338	ffea8800	2
3b5a6c	3b433c	ffea8800	2
3b6168	3b4340	ffea8800	2
3b6614	3b4344	ffea8800	2
3b6854	3b4348	ffea8800	2
3b6a40	3b434c	ffea8800	2
3b75c4	3b4350	ffea8800	2
3b7cb8	3b4354	ffea8800	1
3b8350	3b8258	ffea8800	0
3b8cd4	3b825c	ffea8800	0
3b9690	3b8260	ffea8800	0
3b9fb4	3b8264	ffea8800	0
3ba8dc	3b8268	ffea8800	0
3bb058	3b826c	ffea8800	0
3bb974	3b8270	ffea8800	0
3bc31c	3b8274	ffea8800	0
3bd49c	3b827c	ffea8800	0
3bdd5c	3b8280	ffea8800	0
3be644	3b8284	ffea8800	0
3befd4	3b8288	ffea8800	0
3bf708	3b828c	ffea8800	0
3c00d4	3b8290	ffea8800	0
3c0ac0	3c08ac	ffea85f4	1
3d2580	3c08b0	ffea85f4	1
3e4618	3e460c	ffea8800	1
3e5240	3e4610	ffea8800	2
3e672c	3e4614	ffea8800	1
3e7224	3e7218	ffea8800	1
3e735c	3e721c	ffea8800	2
3e7478	3e7220	ffea8800	1
3e7668	3e765c	ffea8800	1
3e77a4	3e7660	ffea8800	2
3e78bc	3e7664	ffea8800	1
3e7abc	3e7ab0	ffea8800	1
3e7bec	3e7ab4	ffea8800	2
3e7cfc	3e7ab8	ffea8800	1
3e7ef8	3e7eec	ffea8800	1
3e80ac	3e7ef0	ffea8800	2
3e824c	3e7ef4	ffea8800	1
3e8514	3e8508	ffea8800	1
3e871c	3e850c	ffea8800	2
3e88d8	3e8510	ffea8800	1
3e8c7c	3e8c70	ffea8800	1
3e8e64	3e8c74	ffea8800	2
3e901c	3e8c78	ffea8800	1
3e93ac	3e93a0	ffea8800	1
3e94a4	3e93a4	ffea8800	2
3e9580	3e93a8	ffea8800	1
3e9724	3e9718	ffea8800	1
3e9834	3e971c	ffea8800	2
3e992c	3e9720	ffea8800	1
3e9afc	3e9af0	ffea8800	1
3e9c14	3e9af4	ffea8800	2
3e9d10	3e9af8	ffea8800	1
3e9f04	3e9ef8	ffea8800	1
3ea048	3e9efc	ffea8800	2
3ea168	3e9f00	ffea8800	0
3ea388	3ea37c	ffea8800	1
3ea4a8	3ea380	ffea8800	0
3ea5ac	3ea384	ffea8800	1
3ea7bc	3ea7b0	ffea8800	1
3ea904	3ea7b4	ffea8800	2
3eaa24	3ea7b8	ffea8800	1
3eac54	3eac48	ffea8800	1
3ead9c	3eac4c	ffea8800	2
3eaed8	3eac50	ffea8800	1
3eb0c4	3eb0b8	ffea8800	1
3eb334	3eb0bc	ffea8800	2
3eb56c	3eb0c0	ffea8800	1
3eb950	3eb944	ffea8800	1
3ebb68	3eb948	ffea8800	2
3ebd40	3eb94c	ffea8800	1
3ec19c	3ec190	ffea8800	1
3ec2a0	3ec194	ffea8800	2
3ec39c	3ec198	ffea8800	1
3ec53c	3ec530	ffea8800	1
3ec760	3ec534	ffea8800	2
3ec934	3ec538	ffea8800	1
3ecca4	3ecc98	ffea8800	1
3ece58	3ecc9c	ffea8800	2
3ecfbc	3ecca0	ffea8800	1
3ed310	3ed304	ffea8800	1
3ed3f4	3ed308	ffea8800	2
3ed4d4	3ed30c	ffea8800	1
3ed678	3ed66c	ffea8800	1
3ed770	3ed670	ffea8800	2
3ed844	3ed674	ffea8800	1
41afb0	41af8c	ffe12800	0
424fd8	41afa4	ffe12800	0
431a4c	431758	ffe12800	0
44c240	44c218	ffe12800	1
44c858	44c21c	ffe12800	2
44d044	44c220	ffe12800	2
44d3dc	44c224	ffe12800	2
44daac	44c228	ffe12800	2
44e788	44c22c	ffe12800	2
44eae0	44c230	ffe12800	2
44ecf8	44c234	ffe12800	2
44f758	44c238	ffe12800	2
44fd04	44c23c	ffe12800	1
450268	450170	ffe12800	0
450bec	450174	ffe12800	0
4515a8	450178	ffe12800	0
451ecc	45017c	ffe12800	0
4527f4	450180	ffe12800	0
452f70	450184	ffe12800	0
45388c	450188	ffe12800	0
454234	45018c	ffe12800	0
4553b4	450194	ffe12800	0
455c74	450198	ffe12800	0
45655c	45019c	ffe12800	0
456eec	4501a0	ffe12800	0
457620	4501a4	ffe12800	0
457fec	4501a8	ffe12800	0
4589d8	4587c4	ffe125f4	1
46a498	4587c8	ffe125f4	1
47c530	47c524	ffe12800	1
47d158	47c528	ffe12800	2
47e644	47c52c	ffe12800	1
47f13c	47f130	ffe12800	1
47f274	47f134	ffe12800	2
47f390	47f138	ffe12800	1
47f580	47f574	ffe12800	1
47f6bc	47f578	ffe12800	2
47f7d4	47f57c	ffe12800	1
47f9d4	47f9c8	ffe12800	1
47fb04	47f9cc	ffe12800	2
47fc14	47f9d0	ffe12800	1
47fe10	47fe04	ffe12800	1
47ffc4	47fe08	ffe12800	2
480164	47fe0c	ffe12800	1
48042c	480420	ffe12800	1
480634	480424	ffe12800	2
4807f0	480428	ffe12800	1
480b94	480b88	ffe12800	1
480d7c	480b8c	ffe12800	2
480f34	480b90	ffe12800	1
4812c4	4812b8	ffe12800	1
4813bc	4812bc	ffe12800	2
481498	4812c0	ffe12800	1
48163c	481630	ffe12800	1
48174c	481634	ffe12800	2
481844	481638	ffe12800	1
481a14	481a08	ffe12800	1
481b2c	481a0c	ffe12800	2
481c28	481a10	ffe12800	1
481e1c	481e10	ffe12800	1
481f60	481e14	ffe12800	2
482080	481e18	ffe12800	0
4822a0	482294	ffe12800	1
4823c0	482298	ffe12800	0
4824c4	48229c	ffe12800	1
4826d4	4826c8	ffe12800	1
48281c	4826cc	ffe12800	2
48293c	4826d0	ffe12800	1
482b6c	482b60	ffe12800	1
482cb4	482b64	ffe12800	2
482df0	482b68	ffe12800	1
482fdc	482fd0	ffe12800	1
48324c	482fd4	ffe12800	2
483484	482fd8	ffe12800	1
483868	48385c	ffe12800	1
483a80	483860	ffe12800	2
483c58	483864	ffe12800	1
4840b4	4840a8	ffe12800	1
4841b8	4840ac	ffe12800	2
4842b4	4840b0	ffe12800	1
484454	484448	ffe12800	1
484678	48444c	ffe12800	2
48484c	484450	ffe12800	1
484bbc	484bb0	ffe12800	1
484d70	484bb4	ffe12800	2
484ed4	484bb8	ffe12800	1
485228	48521c	ffe12800	1
48530c	485220	ffe12800	2
4853ec	485224	ffe12800	1
485590	485584	ffe12800	1
485688	485588	ffe12800	2
48575c	48558c	ffe12800	0
485940	485934	ffe12800	1
485a38	485938	ffe12800	2
485b0c	48593c	ffe12800	1
4c38fc	4c3588	ffd7c800	0
4df814	4df7ec	ffd7c800	1
4e0544	4df7f0	ffd7c800	2
4e05b8	4df7f4	ffd7c800	2
4e1180	4df7f8	ffd7c800	2
4e20e4	4df7fc	ffd7c800	2
4e22c4	4df800	ffd7c800	2
4e2680	4df804	ffd7c800	2
4e2758	4df808	ffd7c800	2
4e2c08	4df80c	ffd7c800	2
4e30d0	4df810	ffd7c800	1
4e373c	4e365c	ffd7c800	0
4e40c0	4e3660	ffd7c800	0
4e48c8	4e3664	ffd7c800	0
4e5240	4e3668	ffd7c800	0
4e5b00	4e366c	ffd7c800	0
4e63e8	4e3670	ffd7c800	0
4e6d04	4e3674	ffd7c800	0
4e7694	4e3678	ffd7c800	0
4e7dc8	4e367c	ffd7c800	0
4e8794	4e3680	ffd7c800	0
4e8fec	4e3684	ffd7c800	0
4e9994	4e3688	ffd7c800	0
4ea2a4	4ea090	ffd7c5f4	1
4fbd64	4ea094	ffd7c5f4	1
50ddfc	50ddf0	ffd7c800	1
50ea24	50ddf4	ffd7c800	2
50ff10	50ddf8	ffd7c800	1
510a08	5109fc	ffd7c800	1
510b40	510a00	ffd7c800	2
510c5c	510a04	ffd7c800	1
510e4c	510e40	ffd7c800	1
510f88	510e44	ffd7c800	2
5110a0	510e48	ffd7c800	1
5112a0	511294	ffd7c800	1
5113d0	511298	ffd7c800	2
5114e0	51129c	ffd7c800	1
5116dc	5116d0	ffd7c800	1
511890	5116d4	ffd7c800	2
511a30	5116d8	ffd7c800	1
511cf8	511cec	ffd7c800	1
511f00	511cf0	ffd7c800	2
5120bc	511cf4	ffd7c800	1
512460	512454	ffd7c800	1
512648	512458	ffd7c800	2
512800	51245c	ffd7c800	1
512b90	512b84	ffd7c800	1
512c88	512b88	ffd7c800	2
512d64	512b8c	ffd7c800	1
512f08	512efc	ffd7c800	1
513018	512f00	ffd7c800	2
513110	512f04	ffd7c800	1
5132e0	5132d4	ffd7c800	1
5133f8	5132d8	ffd7c800	2
5134f4	5132dc	ffd7c800	1
5136e8	5136dc	ffd7c800	1
51382c	5136e0	ffd7c800	2
51394c	5136e4	ffd7c800	0
513b6c	513b60	ffd7c800	1
513c8c	513b64	ffd7c800	0
513d90	513b68	ffd7c800	1
513fa0	513f94	ffd7c800	1
5140e8	513f98	ffd7c800	2
514208	513f9c	ffd7c800	1
514438	51442c	ffd7c800	1
514580	514430	ffd7c800	2
5146bc	514434	ffd7c800	1
5148a8	51489c	ffd7c800	1
514b18	5148a0	ffd7c800	2
514d50	5148a4	ffd7c800	1
515134	515128	ffd7c800	1
51534c	51512c	ffd7c800	2
515524	515130	ffd7c800	1
515980	515974	ffd7c800	1
515a84	515978	ffd7c800	2
515b80	51597c	ffd7c800	1
515d20	515d14	ffd7c800	1
515f44	515d18	ffd7c800	2
516118	515d1c	ffd7c800	1
516488	51647c	ffd7c800	1
51663c	516480	ffd7c800	2
5167a0	516484	ffd7c800	1
516af4	516ae8	ffd7c800	1
516bd8	516aec	ffd7c800	2
516cb8	516af0	ffd7c800	1
516e5c	516e50	ffd7c800	1
516f54	516e54	ffd7c800	2
517028	516e58	ffd7c800	1
54a188	549f3c	ffce6800	0
55c0bc	55c094	ffce6800	1
55c58c	55c098	ffce6800	2
55c750	55c09c	ffce6800	2
55d994	55c0a0	ffce6800	2
55e388	55c0a4	ffce6800	2
55e520	55c0a8	ffce6800	1
55e878	55c0b0	ffce6800	1
55ec80	55c0b4	ffce6800	2
55f074	55c0b8	ffce6800	1
55f554	55f47c	ffce6800	0
55fcd0	55f480	ffce6800	0
560660	55f484	ffce6800	0
560e68	55f488	ffce6800	0
5617e0	55f48c	ffce6800	0
5620a0	55f490	ffce6800	0
562988	55f494	ffce6800	0
5632a4	55f498	ffce6800	0
563afc	55f49c	ffce6800	0
564230	55f4a0	ffce6800	0
565530	5460b0	ffcc80d4	1
56f76c	56f558	ffce65f4	1
58122c	56f55c	ffce65f4	1
5932c4	5932b8	ffce6800	1
593eec	5932bc	ffce6800	2
5953d8	5932c0	ffce6800	1
595ed0	595ec4	ffce6800	1
596008	595ec8	ffce6800	2
596124	595ecc	ffce6800	1
596314	596308	ffce6800	1
596450	59630c	ffce6800	2
596568	596310	ffce6800	1
596768	59675c	ffce6800	1
596898	596760	ffce6800	2
5969a8	596764	ffce6800	1
596ba4	596b98	ffce6800	1
596d58	596b9c	ffce6800	2
596ef8	596ba0	ffce6800	1
5971c0	5971b4	ffce6800	1
5973c8	5971b8	ffce6800	2
597584	5971bc	ffce6800	1
597928	59791c	ffce6800	1
598058	59804c	ffce6800	1
598150	598050	ffce6800	2
59822c	598054	ffce6800	1
5983d0	5983c4	ffce6800	1
5984e0	5983c8	ffce6800	2
5985d8	5983cc	ffce6800	1
5987a8	59879c	ffce6800	1
5988c0	5987a0	ffce6800	2
5989bc	5987a4	ffce6800	1
598bb0	598ba4	ffce6800	1
598cf4	598ba8	ffce6800	2
598e14	598bac	ffce6800	0
599034	599028	ffce6800	1
599154	59902c	ffce6800	0
599258	599030	ffce6800	1
599468	59945c	ffce6800	1
5995b0	599460	ffce6800	2
5996d0	599464	ffce6800	1
599900	5998f4	ffce6800	1
599a48	5998f8	ffce6800	2
599b84	5998fc	ffce6800	1
599d70	599d64	ffce6800	1
599fe0	599d68	ffce6800	2
59a218	599d6c	ffce6800	1
59a5fc	59a5f0	ffce6800	1
59a814	59a5f4	ffce6800	2
59a9ec	59a5f8	ffce6800	1
59ae48	59ae3c	ffce6800	1
59af4c	59ae40	ffce6800	2
59b048	59ae44	ffce6800	1
59b1e8	59b1dc	ffce6800	1
59b40c	59b1e0	ffce6800	2
59b5e0	59b1e4	ffce6800	1
59b950	59b944	ffce6800	1
59bb04	59b948	ffce6800	2
59bc68	59b94c	ffce6800	1
59bfbc	59bfb0	ffce6800	1
59c0a0	59bfb4	ffce6800	2
59c180	59bfb8	ffce6800	1
59c324	59c318	ffce6800	1
59c41c	59c31c	ffce6800	2
59c4f0	59c320	ffce6800	1
59cd80	59cd74	ffce6800	1
59ce78	59cd78	ffce6800	2
59cf54	59cd7c	ffce6800	1
59d0f8	59d0ec	ffce6800	1
59d208	59d0f0	ffce6800	2
59d300	59d0f4	ffce6800	1
59d4d0	59d4c4	ffce6800	1
59d5e8	59d4c8	ffce6800	2
59d6e4	59d4cc	ffce6800	1
59d8d8	59d8cc	ffce6800	1
59da1c	59d8d0	ffce6800	2
59db3c	59d8d4	ffce6800	0
59dd5c	59dd50	ffce6800	1
59de7c	59dd54	ffce6800	0
59df80	59dd58	ffce6800	1
59e190	59e184	ffce6800	1
59e2d8	59e188	ffce6800	2
59e3f8	59e18c	ffce6800	1
59e628	59e61c	ffce6800	1
59e770	59e620	ffce6800	2
59e8ac	59e624	ffce6800	1
59ea98	59ea8c	ffce6800	1
59ed08	59ea90	ffce6800	2
59ef40	59ea94	ffce6800	1
59f324	59f318	ffce6800	1
59f53c	59f31c	ffce6800	2
59f714	59f320	ffce6800	1
59fb70	59fb64	ffce6800	1
59fc74	59fb68	ffce6800	2
59fd70	59fb6c	ffce6800	1
59ff10	59ff04	ffce6800	1
5a0134	59ff08	ffce6800	2
5a0308	59ff0c	ffce6800	1
5a0678	5a066c	ffce6800	1
5a082c	5a0670	ffce6800	2
5a0990	5a0674	ffce6800	1
5a0ce4	5a0cd8	ffce6800	1
5a0dc8	5a0cdc	ffce6800	2
5a0ea8	5a0ce0	ffce6800	1
5a1050	5a1044	ffce6800	1
5a1148	5a1048	ffce6800	2
5a121c	5a104c	ffce6800	1
5a1494	5a1488	ffce6800	1
5a15cc	5a148c	ffce6800	2
5a16e8	5a1490	ffce6800	1
5a18d8	5a18cc	ffce6800	1
5a1a14	5a18d0	ffce6800	2
5a1b2c	5a18d4	ffce6800	1
5a1d2c	5a1d20	ffce6800	1
5a1e5c	5a1d24	ffce6800	2
5a1f6c	5a1d28	ffce6800	1
5a216c	5a2160	ffce6800	1
5a2320	5a2164	ffce6800	2
5a24c0	5a2168	ffce6800	1
5a2788	5a277c	ffce6800	1
5a2990	5a2780	ffce6800	2
5a2b4c	5a2784	ffce6800	1
5a2ef0	5a2ee4	ffce6800	1
5a30d8	5a2ee8	ffce6800	2
5a3290	5a2eec	ffce6800	1
5a3620	5a3614	ffce6800	1
5a3718	5a3618	ffce6800	2
5a37f4	5a361c	ffce6800	1
5a3998	5a398c	ffce6800	1
5a3aa8	5a3990	ffce6800	2
5a3ba0	5a3994	ffce6800	1
5a3d70	5a3d64	ffce6800	1
5a3e88	5a3d68	ffce6800	2
5a3f84	5a3d6c	ffce6800	1
5a4178	5a416c	ffce6800	1
5a42bc	5a4170	ffce6800	2
5a43dc	5a4174	ffce6800	0
5a45fc	5a45f0	ffce6800	1
5a471c	5a45f4	ffce6800	0
5a4820	5a45f8	ffce6800	1
5a4a30	5a4a24	ffce6800	1
5a4b78	5a4a28	ffce6800	2
5a4c98	5a4a2c	ffce6800	1
5a4ec8	5a4ebc	ffce6800	1
5a5010	5a4ec0	ffce6800	2
5a514c	5a4ec4	ffce6800	1
5a5338	5a532c	ffce6800	1
5a55a8	5a5330	ffce6800	2
5a57e0	5a5334	ffce6800	1
5a5bc4	5a5bb8	ffce6800	1
5a5ddc	5a5bbc	ffce6800	2
5a5fb4	5a5bc0	ffce6800	1
5a6410	5a6404	ffce6800	1
5a6514	5a6408	ffce6800	2
5a6610	5a640c	ffce6800	1
5a67b0	5a67a4	ffce6800	1
5a69d4	5a67a8	ffce6800	2
5a6ba8	5a67ac	ffce6800	1
5a6f18	5a6f0c	ffce6800	1
5a70cc	5a6f10	ffce6800	2
5a7230	5a6f14	ffce6800	1
5a7584	5a7578	ffce6800	1
5a7668	5a757c	ffce6800	2
5a7748	5a7580	ffce6800	1
5a78f0	5a78e4	ffce6800	1
5a79e8	5a78e8	ffce6800	2
5a7abc	5a78ec	ffce6800	1
5efee8	5efab4	ffc50800	0
611548	611520	ffc50800	1
6118d8	611524	ffc50800	2
611948	611528	ffc50800	2
612690	61152c	ffc50800	2
613048	611530	ffc50800	2
613814	611534	ffc50800	2
613b6c	611538	ffc50800	2
614018	61153c	ffc50800	2
61441c	611540	ffc50800	2
614958	611544	ffc50800	1
614e30	614d50	ffc50800	0
6157b4	614d54	ffc50800	0
615fbc	614d58	ffc50800	0
616934	614d5c	ffc50800	0
6171f4	614d60	ffc50800	0
617adc	614d64	ffc50800	0
6183f8	614d68	ffc50800	0
618d88	614d6c	ffc50800	0
6194bc	614d70	ffc50800	0
619e88	614d74	ffc50800	0
61a6e0	614d78	ffc50800	0
61b088	614d7c	ffc50800	0
61b998	61b784	ffc505f4	1
62d458	61b788	ffc505f4	1
63f4f4	63f4e8	ffc50800	1
64011c	63f4ec	ffc50800	2
641608	63f4f0	ffc50800	1
642100	6420f4	ffc50800	1
642238	6420f8	ffc50800	2
642354	6420fc	ffc50800	1
642544	642538	ffc50800	1
642680	64253c	ffc50800	2
642798	642540	ffc50800	1
642998	64298c	ffc50800	1
642ac8	642990	ffc50800	2
642bd8	642994	ffc50800	1
642dd4	642dc8	ffc50800	1
642f88	642dcc	ffc50800	2
643128	642dd0	ffc50800	1
6433f0	6433e4	ffc50800	1
6435f8	6433e8	ffc50800	2
6437b4	6433ec	ffc50800	1
643b58	643b4c	ffc50800	1
643d40	643b50	ffc50800	2
643ef8	643b54	ffc50800	1
644288	64427c	ffc50800	1
644380	644280	ffc50800	2
64445c	644284	ffc50800	1
644600	6445f4	ffc50800	1
644710	6445f8	ffc50800	2
644808	6445fc	ffc50800	1
6449d8	6449cc	ffc50800	1
644af0	6449d0	ffc50800	2
644bec	6449d4	ffc50800	1
644de0	644dd4	ffc50800	1
644f24	644dd8	ffc50800	2
645044	644ddc	ffc50800	0
645264	645258	ffc50800	1
645384	64525c	ffc50800	0
645488	645260	ffc50800	1
645698	64568c	ffc50800	1
6457e0	645690	ffc50800	2
645900	645694	ffc50800	1
645b30	645b24	ffc50800	1
645c78	645b28	ffc50800	2
645db4	645b2c	ffc50800	1
645fa0	645f94	ffc50800	1
646210	645f98	ffc50800	2
646448	645f9c	ffc50800	1
64682c	646820	ffc50800	1
646a44	646824	ffc50800	2
646c1c	646828	ffc50800	1
647078	64706c	ffc50800	1
64717c	647070	ffc50800	2
647278	647074	ffc50800	1
647418	64740c	ffc50800	1
64763c	647410	ffc50800	2
647810	647414	ffc50800	1
647b80	647b74	ffc50800	1
647d34	647b78	ffc50800	2
647e98	647b7c	ffc50800	1
6481ec	6481e0	ffc50800	1
6482d0	6481e4	ffc50800	2
6483b0	6481e8	ffc50800	1
648554	648548	ffc50800	1
64864c	64854c	ffc50800	2
648720	648550	ffc50800	1
648890	648888	ffc50800	1
648930	64888c	ffc50800	1
677bb0	677aa4	ffbba800	0
67e2a4	67e27c	ffbba800	1
67e508	67e280	ffbba800	2
67e578	67e284	ffbba800	2
67ed38	67e288	ffbba800	2
67eda8	67e28c	ffbba800	0
67ee18	67e290	ffbba800	0
67ee88	67e294	ffbba800	2
67f0e8	67e298	ffbba800	2
67f22c	67e29c	ffbba800	2
67f3bc	67e2a0	ffbba800	1
67f774	67f694	ffbba800	0
6800f8	67f698	ffbba800	0
680900	67f69c	ffbba800	0
681278	67f6a0	ffbba800	0
681b38	67f6a4	ffbba800	0
682420	67f6a8	ffbba800	0
682d3c	67f6ac	ffbba800	0
6836cc	67f6b0	ffbba800	0
683e00	67f6b4	ffbba800	0
6847cc	67f6b8	ffbba800	0
685024	67f6bc	ffbba800	0
6859cc	67f6c0	ffbba800	0
686344	68612c	ffbba5f4	1
693d98	686130	ffbba5f4	2
69c3c8	686134	ffbba5f4	1
6adca4	6adc98	ffbba800	1
6ae5e0	6adc9c	ffbba800	2
6af260	6adca0	ffbba800	1
6afee8	6afedc	ffbba800	1
6afff8	6afee0	ffbba800	2
6b00f8	6afee4	ffbba800	1
6b02a8	6b02a0	ffbba800	1
6b1150	6b02a4	ffbba800	1
6b2364	6b235c	ffbba800	1
6b3400	6b2360	ffbba800	1
6b483c	6b4834	ffbba800	1
6b5744	6b4838	ffbba800	1
6b6a90	6b6a88	ffbba800	1
6b7124	6b6a8c	ffbba800	1
6b8670	6b8664	ffbba800	1
6b8780	6b8668	ffbba800	2
6b887c	6b866c	ffbba800	1
6b8a2c	6b8a24	ffbba800	1
6b98d4	6b8a28	ffbba800	1
6baae8	6baae0	ffbba800	1
6bbb84	6baae4	ffbba800	1
6bcfc0	6bcfb8	ffbba800	1
6bdec8	6bcfbc	ffbba800	1
6bf20c	6bf204	ffbba800	1
6bf8a0	6bf208	ffbba800	1
70904c	708f38	ffb24800	0
710e2c	710e08	ffb24800	1
711348	710e0c	ffb24800	2
711c2c	710e10	ffb24800	1
7124d0	6abb24	ffaf03d4	1
7130dc	712710	ffb24800	0
7138bc	712714	ffb24800	0
713ff0	712718	ffb24800	0
714848	71271c	ffb24800	0
71c4b8	71c2a0	ffb245f4	1
72aeb8	71c2a4	ffb245f4	2
73951c	71c2a8	ffb245f4	1
74196c	741964	ffb24800	1
742158	741968	ffb24800	1
742be0	742bd4	ffb24800	0
742d10	742bd8	ffb24800	0
742e40	742bdc	ffb24800	0
743050	743044	ffb24800	1
74318c	743048	ffb24800	2
7432b4	74304c	ffb24800	1
7434a8	74349c	ffb24800	1
743618	7434a0	ffb24800	2
743770	7434a4	ffb24800	1
7439e8	7439dc	ffb24800	1
743ac4	7439e0	ffb24800	2
743b98	7439e4	ffb24800	1
743ce0	743cd4	ffb24800	1
743e24	743cd8	ffb24800	2
743f64	743cdc	ffb24800	1
744190	744184	ffb24800	1
7442d4	744188	ffb24800	2
7443f8	74418c	ffb24800	1
7445d8	7445cc	ffb24800	1
744710	7445d0	ffb24800	2
744838	7445d4	ffb24800	1
744a4c	744a40	ffb24800	1
744b50	744a44	ffb24800	2
744c48	744a48	ffb24800	1
7465a4	74659c	ffb24800	1
746d90	7465a0	ffb24800	1
747814	747808	ffb24800	0
747944	74780c	ffb24800	0
747a74	747810	ffb24800	0
747c84	747c78	ffb24800	1
747dc0	747c7c	ffb24800	2
747ee8	747c80	ffb24800	1
7480dc	7480d0	ffb24800	1
74861c	748610	ffb24800	1
7486f8	748614	ffb24800	2
7487cc	748618	ffb24800	1
748914	748908	ffb24800	1
748a58	74890c	ffb24800	2
748b98	748910	ffb24800	1
748dc4	748db8	ffb24800	1
748f08	748dbc	ffb24800	2
74902c	748dc0	ffb24800	1
74920c	749200	ffb24800	1
749344	749204	ffb24800	2
74946c	749208	ffb24800	1
749680	749674	ffb24800	1
749784	749678	ffb24800	2
74987c	74967c	ffb24800	1
749e10	749e04	ffb24800	1
749eec	749e08	ffb24800	2
749fc0	749e0c	ffb24800	1
74a108	74a0fc	ffb24800	1
74a24c	74a100	ffb24800	2
74a38c	74a104	ffb24800	1
74a5b8	74a5ac	ffb24800	1
74a6fc	74a5b0	ffb24800	2
74a820	74a5b4	ffb24800	1
74aa00	74a9f4	ffb24800	1
74ab38	74a9f8	ffb24800	2
74ac60	74a9fc	ffb24800	1
74ae74	74ae68	ffb24800	1
74af78	74ae6c	ffb24800	2
74b070	74ae70	ffb24800	1
74b310	708084	ffae19b8	1
74b4f0	74b4e4	ffb24800	1
74b628	74b4e8	ffb24800	2
74b750	74b4ec	ffb24800	1
74b964	74b958	ffb24800	1
74ba68	74b95c	ffb24800	2
74bb60	74b960	ffb24800	1
7accf8	7aca9c	ffa8e800	0
7c04cc	7c04a4	ffa8e800	1
7c07ec	7c04a8	ffa8e800	2
7c0ad4	7c04ac	ffa8e800	2
7c0f7c	7c04b0	ffa8e800	2
7c18fc	7c04b4	ffa8e800	2
7c2070	7c04b8	ffa8e800	2
7c2834	7c04bc	ffa8e800	2
7c2d70	7c04c0	ffa8e800	2
7c3590	7c04c4	ffa8e800	2
7c3ab0	7c04c8	ffa8e800	1
7c402c	7c3f44	ffa8e800	0
7c49b0	7c3f48	ffa8e800	0
7c52d8	7c3f4c	ffa8e800	0
7c5ae0	7c3f50	ffa8e800	0
7c6458	7c3f54	ffa8e800	0
7c6d18	7c3f58	ffa8e800	0
7c7600	7c3f5c	ffa8e800	0
7c7f1c	7c3f60	ffa8e800	0
7c86fc	7c3f64	ffa8e800	0
7c908c	7c3f68	ffa8e800	0
7c9a9c	7c3f6c	ffa8e800	0
7ca1d0	7c3f70	ffa8e800	0
7cab9c	7c3f74	ffa8e800	0
7cb588	7cb374	ffa8e5f4	1
7dd048	7cb378	ffa8e5f4	1
7ef0e0	7ef0d4	ffa8e800	1
7efd08	7ef0d8	ffa8e800	2
7f11f4	7ef0dc	ffa8e800	1
7f1cec	7f1ce0	ffa8e800	1
7f1e24	7f1ce4	ffa8e800	2
7f1f40	7f1ce8	ffa8e800	1
7f2130	7f2124	ffa8e800	1
7f226c	7f2128	ffa8e800	2
7f2384	7f212c	ffa8e800	1
7f2584	7f2578	ffa8e800	1
7f26b4	7f257c	ffa8e800	2
7f27c4	7f2580	ffa8e800	1
7f29c0	7f29b4	ffa8e800	1
7f2b74	7f29b8	ffa8e800	2
7f2d14	7f29bc	ffa8e800	1
7f2fdc	7f2fd0	ffa8e800	1
7f31e4	7f2fd4	ffa8e800	2
7f33a0	7f2fd8	ffa8e800	1
7f3744	7f3738	ffa8e800	1
7f392c	7f373c	ffa8e800	2
7f3ae4	7f3740	ffa8e800	1
7f3e74	7f3e68	ffa8e800	1
7f3f6c	7f3e6c	ffa8e800	2
7f4048	7f3e70	ffa8e800	1
7f41ec	7f41e0	ffa8e800	1
7f42fc	7f41e4	ffa8e800	2
7f43f4	7f41e8	ffa8e800	1
7f45c4	7f45b8	ffa8e800	1
7f46dc	7f45bc	ffa8e800	2
7f47d8	7f45c0	ffa8e800	1
7f49cc	7f49c0	ffa8e800	1
7f4b10	7f49c4	ffa8e800	2
7f4c30	7f49c8	ffa8e800	0
7f4e50	7f4e44	ffa8e800	1
7f4f70	7f4e48	ffa8e800	0
7f5074	7f4e4c	ffa8e800	1
7f5284	7f5278	ffa8e800	1
7f53cc	7f527c	ffa8e800	2
7f54ec	7f5280	ffa8e800	1
7f571c	7f5710	ffa8e800	1
7f5864	7f5714	ffa8e800	2
7f59a0	7f5718	ffa8e800	1
7f5b8c	7f5b80	ffa8e800	1
7f5dfc	7f5b84	ffa8e800	2
7f6034	7f5b88	ffa8e800	1
7f6418	7f640c	ffa8e800	1
7f6630	7f6410	ffa8e800	2
7f6808	7f6414	ffa8e800	1
7f6c64	7f6c58	ffa8e800	1
7f6d68	7f6c5c	ffa8e800	2
7f6e64	7f6c60	ffa8e800	1
7f7004	7f6ff8	ffa8e800	1
7f7228	7f6ffc	ffa8e800	2
7f73fc	7f7000	ffa8e800	1
7f776c	7f7760	ffa8e800	1
7f7dd8	7f7dcc	ffa8e800	1
7f7ebc	7f7dd0	ffa8e800	2
7f7f9c	7f7dd4	ffa8e800	1
7f8140	7f8134	ffa8e800	1
7f8238	7f8138	ffa8e800	2
7f830c	7f813c	ffa8e800	1
7f8ac4	7f8ab8	ffa8e800	1
7f8ba8	7f8abc	ffa8e800	2
7f8c88	7f8ac0	ffa8e800	1
7f8e30	7f8e24	ffa8e800	1
7f8f28	7f8e28	ffa8e800	2
7f8ffc	7f8e2c	ffa8e800	1
838abc	838758	ff9f8800	0
854e04	854ddc	ff9f8800	1
8553b0	854de0	ff9f8800	2
8567c4	854de4	ff9f8800	2
856a64	854de8	ff9f8800	2
856ef4	854dec	ff9f8800	2
8576a8	854df0	ff9f8800	2
8582d4	854df4	ff9f8800	2
8588c8	854df8	ff9f8800	2
858ee4	854dfc	ff9f8800	2
8592b4	854e00	ff9f8800	1
85979c	8596bc	ff9f8800	0
859fa4	8596c0	ff9f8800	0
85a91c	8596c4	ff9f8800	0
85b1dc	8596c8	ff9f8800	0
85bac4	8596cc	ff9f8800	0
85c31c	8596d0	ff9f8800	0
85ca50	8596d4	ff9f8800	0
85d41c	8596d8	ff9f8800	0
85dda0	8596dc	ff9f8800	0
85e730	8596e0	ff9f8800	0
85eeac	8596e4	ff9f8800	0
85f7d4	8596e8	ff9f8800	0
86a37c	86a168	ff9f85f4	1
87be3c	86a16c	ff9f85f4	1
88ded4	88dec8	ff9f8800	1
88eafc	88decc	ff9f8800	2
88ffe8	88ded0	ff9f8800	1
890ae0	890ad4	ff9f8800	1
890c18	890ad8	ff9f8800	2
890d34	890adc	ff9f8800	1
890f24	890f18	ff9f8800	1
891060	890f1c	ff9f8800	2
891178	890f20	ff9f8800	1
891378	89136c	ff9f8800	1
8914a8	891370	ff9f8800	2
8915b8	891374	ff9f8800	1
8917b4	8917a8	ff9f8800	1
891968	8917ac	ff9f8800	2
891b08	8917b0	ff9f8800	1
891dd0	891dc4	ff9f8800	1
891fd8	891dc8	ff9f8800	2
892194	891dcc	ff9f8800	1
892538	89252c	ff9f8800	1
892720	892530	ff9f8800	2
8928d8	892534	ff9f8800	1
892c68	892c5c	ff9f8800	1
892d60	892c60	ff9f8800	2
892e3c	892c64	ff9f8800	1
892fe0	892fd4	ff9f8800	1
8930f0	892fd8	ff9f8800	2
8931e8	892fdc	ff9f8800	1
8933b8	8933ac	ff9f8800	1
8934d0	8933b0	ff9f8800	2
8935cc	8933b4	ff9f8800	1
8937c0	8937b4	ff9f8800	1
893904	8937b8	ff9f8800	2
893a24	8937bc	ff9f8800	0
893c44	893c38	ff9f8800	1
893d64	893c3c	ff9f8800	0
893e68	893c40	ff9f8800	1
894078	89406c	ff9f8800	1
8941c0	894070	ff9f8800	2
8942e0	894074	ff9f8800	1
894510	894504	ff9f8800	1
894658	894508	ff9f8800	2
894794	89450c	ff9f8800	1
894980	894974	ff9f8800	1
894bf0	894978	ff9f8800	2
894e28	89497c	ff9f8800	1
89520c	895200	ff9f8800	1
895424	895204	ff9f8800	2
8955fc	895208	ff9f8800	1
895a58	895a4c	ff9f8800	1
895b5c	895a50	ff9f8800	2
895c58	895a54	ff9f8800	1
895df8	895dec	ff9f8800	1
89601c	895df0	ff9f8800	2
8961f0	895df4	ff9f8800	1
896560	896554	ff9f8800	1
896714	896558	ff9f8800	2
896878	89655c	ff9f8800	1
896bcc	896bc0	ff9f8800	1
896cb0	896bc4	ff9f8800	2
896d90	896bc8	ff9f8800	1
896f34	896f28	ff9f8800	1
89702c	896f2c	ff9f8800	2
897100	896f30	ff9f8800	1
897298	89728c	ff9f8800	1
8973b0	897290	ff9f8800	2
8974ac	897294	ff9f8800	1
8976a0	897694	ff9f8800	1
8977e4	897698	ff9f8800	2
897904	89769c	ff9f8800	0
897b24	897b18	ff9f8800	1
897c44	897b1c	ff9f8800	0
897d48	897b20	ff9f8800	1
897f58	897f4c	ff9f8800	1
8980a0	897f50	ff9f8800	2
8981c0	897f54	ff9f8800	1
8983f0	8983e4	ff9f8800	1
898538	8983e8	ff9f8800	2
898674	8983ec	ff9f8800	1
898860	898854	ff9f8800	1
898ad0	898858	ff9f8800	2
898d08	89885c	ff9f8800	1
8990ec	8990e0	ff9f8800	1
899304	8990e4	ff9f8800	2
8994dc	8990e8	ff9f8800	1
899938	89992c	ff9f8800	1
899a3c	899930	ff9f8800	2
899b38	899934	ff9f8800	1
899cd8	899ccc	ff9f8800	1
899efc	899cd0	ff9f8800	2
89a0d0	899cd4	ff9f8800	1
89a440	89a434	ff9f8800	1
89a5f4	89a438	ff9f8800	2
89a758	89a43c	ff9f8800	1
89aaac	89aaa0	ff9f8800	1
89ab90	89aaa4	ff9f8800	2
89ac70	89aaa8	ff9f8800	1
89ae18	89ae0c	ff9f8800	1
89af10	89ae10	ff9f8800	2
89afe4	89ae14	ff9f8800	1
8cb6a8	8cb48c	ff962800	0
8dcce4	8dccbc	ff962800	1
8dd3b4	8dccc0	ff962800	2
8dda1c	8dccc4	ff962800	2
8de634	8dccc8	ff962800	2
8ded70	8dcccc	ff962800	2
8defdc	8dccd0	ff962800	2
8df1a0	8dccd4	ff962800	0
8df364	8dccd8	ff962800	0
8df528	8dccdc	ff962800	2
8df718	8dcce0	ff962800	1
8df9a4	8df8fc	ff962800	0
8e02cc	8df900	ff962800	0
8e0a00	8df904	ff962800	0
8e1258	8df908	ff962800	0
8e1bdc	8df90c	ff962800	0
8e9938	8e9720	ff9625f4	1
8f8338	8e9724	ff9625f4	2
90699c	8e9728	ff9625f4	1
90edec	90ede4	ff962800	1
90f5d8	90ede8	ff962800	1
910060	910054	ff962800	0
910190	910058	ff962800	0
9102c0	91005c	ff962800	0
9104d0	9104c4	ff962800	1
91060c	9104c8	ff962800	2
910734	9104cc	ff962800	1
910928	91091c	ff962800	1
910a98	910920	ff962800	2
910bf0	910924	ff962800	1
910e68	910e5c	ff962800	1
910f44	910e60	ff962800	2
911018	910e64	ff962800	1
911160	911154	ff962800	1
9112a4	911158	ff962800	2
9113e4	91115c	ff962800	1
911610	911604	ff962800	1
911754	911608	ff962800	2
911878	91160c	ff962800	1
911a58	911a4c	ff962800	1
911b90	911a50	ff962800	2
911cb8	911a54	ff962800	1
911ecc	911ec0	ff962800	1
911fd0	911ec4	ff962800	2
9120c8	911ec8	ff962800	1
912b34	912b2c	ff962800	1
913320	912b30	ff962800	1
913da4	913d98	ff962800	0
913ed4	913d9c	ff962800	0
914004	913da0	ff962800	0
914214	914208	ff962800	1
914350	91420c	ff962800	2
914478	914210	ff962800	1
91466c	914660	ff962800	1
9147dc	914664	ff962800	2
914934	914668	ff962800	1
914bac	914ba0	ff962800	1
914c88	914ba4	ff962800	2
914d5c	914ba8	ff962800	1
914ea4	914e98	ff962800	1
914fe8	914e9c	ff962800	2
915128	914ea0	ff962800	1
915354	915348	ff962800	1
915498	91534c	ff962800	2
9155bc	915350	ff962800	1
91579c	915790	ff962800	1
9158d4	915794	ff962800	2
9159fc	915798	ff962800	1
915c10	915c04	ff962800	1
915d14	915c08	ff962800	2
915e0c	915c0c	ff962800	1
91635c	916350	ff962800	1
916438	916354	ff962800	2
91650c	916358	ff962800	1
916654	916648	ff962800	1
916798	91664c	ff962800	2
9168d8	916650	ff962800	1
916b04	916af8	ff962800	1
916c48	916afc	ff962800	2
916d6c	916b00	ff962800	1
916f4c	916f40	ff962800	1
917084	916f44	ff962800	2
9171ac	916f48	ff962800	1
9173c0	9173b4	ff962800	1
9174c4	9173b8	ff962800	2
9175bc	9173bc	ff962800	1
966b2c	966938	ff8cc800	0
977e94	977e6c	ff8cc800	1
9785f0	977e70	ff8cc800	2
978c94	977e74	ff8cc800	2
97959c	977e78	ff8cc800	2
97960c	977e7c	ff8cc800	2
97967c	977e80	ff8cc800	2
979ba4	977e84	ff8cc800	2
97a430	977e88	ff8cc800	2
97a64c	977e8c	ff8cc800	2
97aad4	977e90	ff8cc800	1
97afc4	97af0c	ff8cc800	0
97b948	97af10	ff8cc800	0
97c304	97af14	ff8cc800	0
97cc28	97af18	ff8cc800	0
97d550	97af1c	ff8cc800	0
97dccc	97af20	ff8cc800	0
97e4ac	97af24	ff8cc800	0
97efd8	97edbc	ff8cc5f4	1
98ca2c	97edc0	ff8cc5f4	2
99505c	97edc4	ff8cc5f4	2
9a6b20	97edc8	ff8cc5f4	1
9b44a4	9b4498	ff8cc800	1
9b4de0	9b449c	ff8cc800	2
9b5a60	9b44a0	ff8cc800	1
9b66e8	9b66dc	ff8cc800	1
9b67f8	9b66e0	ff8cc800	2
9b68f8	9b66e4	ff8cc800	1
9b6aa8	9b6aa0	ff8cc800	1
9b7950	9b6aa4	ff8cc800	1
9b8b64	9b8b5c	ff8cc800	1
9b9c00	9b8b60	ff8cc800	1
9bb03c	9bb034	ff8cc800	1
9bbf44	9bb038	ff8cc800	1
9bd290	9bd288	ff8cc800	1
9bd924	9bd28c	ff8cc800	1
9be170	9be164	ff8cc800	1
9beaac	9be168	ff8cc800	2
9bf724	9be16c	ff8cc800	1
9c03b0	9c03a4	ff8cc800	1
9c04c0	9c03a8	ff8cc800	2
9c05c0	9c03ac	ff8cc800	1
9c1014	9c100c	ff8cc800	1
9c20b0	9c1010	ff8cc800	1
9c34ec	9c34e4	ff8cc800	1
9c43f4	9c34e8	ff8cc800	1
9c5738	9c5730	ff8cc800	1
9c5dcc	9c5734	ff8cc800	1
9c6618	9c660c	ff8cc800	1
9c6f50	9c6610	ff8cc800	2
9c7bc8	9c6614	ff8cc800	1
9c8858	9c884c	ff8cc800	1
9c8968	9c8850	ff8cc800	2
9c8a64	9c8854	ff8cc800	0
9c8d38	9c8d2c	ff8cc800	1
9c8e48	9c8d30	ff8cc800	2
9c8f44	9c8d34	ff8cc800	1
9f6ea4	9f6e98	ff836800	0
9fd090	9fcf64	ff836800	0
a0a6d4	a0a6ac	ff836800	1
a0af88	a0a6b0	ff836800	2
a0b788	a0a6b4	ff836800	2
a0c058	a0a6b8	ff836800	2
a0c45c	a0a6bc	ff836800	2
a0c8bc	a0a6c0	ff836800	2
a0ca74	a0a6c4	ff836800	0
a0cc2c	a0a6c8	ff836800	0
a0cde4	a0a6cc	ff836800	0
a0cf9c	a0a6d0	ff836800	0
a0d210	a0d170	ff836800	0
a0db94	a0d174	ff836800	0
a0e4bc	a0d178	ff836800	0
a0ef2c	a0d17c	ff836800	0
a0f83c	a0f628	ff8365f4	1
a2081c	a0f62c	ff8365f4	1
a2cb48	a2cb3c	ff836800	1
a2de10	a2cb40	ff836800	2
a30574	a2cb44	ff836800	1
a31688	a31680	ff836800	1
a31744	a31684	ff836800	1
a31880	a31878	ff836800	1
a31974	a3187c	ff836800	1
a31b08	a31b00	ff836800	1
a31bf0	a31b04	ff836800	1
a31d70	a31d68	ff836800	1
a31e30	a31d6c	ff836800	1
a31f60	a31f58	ff836800	1
a32044	a31f5c	ff836800	1
a321d0	a321c8	ff836800	1
a322b0	a321cc	ff836800	1
a32420	a32418	ff836800	1
a324dc	a3241c	ff836800	1
a32614	a3260c	ff836800	1
a32700	a32610	ff836800	1
a32884	a3287c	ff836800	1
a32944	a32880	ff836800	1
a32a84	a32a7c	ff836800	1
a32ca0	a32a80	ff836800	1
a32f38	a32f30	ff836800	1
a32ff8	a32f34	ff836800	0
a33138	a33130	ff836800	1
a331f8	a33134	ff836800	1
a33338	a33330	ff836800	1
a33504	a33334	ff836800	1
a33734	a3372c	ff836800	1
a337f4	a33730	ff836800	1
a34070	a34064	ff836800	1
a35328	a34068	ff836800	2
a37a5c	a3406c	ff836800	1
a38b70	a38b68	ff836800	1
a38c2c	a38b6c	ff836800	1
a38d68	a38d60	ff836800	1
a38e5c	a38d64	ff836800	1
a38ff0	a38fe8	ff836800	1
a390d8	a38fec	ff836800	1
a39258	a39250	ff836800	1
a39318	a39254	ff836800	1
a39448	a39440	ff836800	1
a3952c	a39444	ff836800	1
a396b8	a396b0	ff836800	1
a39798	a396b4	ff836800	1
a39908	a39900	ff836800	1
a399c4	a39904	ff836800	1
a39afc	a39af4	ff836800	1
a39be8	a39af8	ff836800	1
a39d6c	a39d64	ff836800	1
a39e2c	a39d68	ff836800	1
a39f6c	a39f64	ff836800	1
a3a188	a39f68	ff836800	1
a3a420	a3a418	ff836800	1
a3a4e0	a3a41c	ff836800	0
a3a620	a3a618	ff836800	1
a3a6e0	a3a61c	ff836800	1
a3a820	a3a818	ff836800	1
a3a9ec	a3a81c	ff836800	1
a3ac1c	a3ac14	ff836800	1
a3acdc	a3ac18	ff836800	1
a8c71c	a8c710	ff7a0800	0
a923dc	a922a0	ff7a0800	0
aa1c64	aa1c3c	ff7a0800	1
aa2184	aa1c40	ff7a0800	2
aa26f8	aa1c44	ff7a0800	2
aa2b4c	aa1c48	ff7a0800	2
aa2ea8	aa1c4c	ff7a0800	2
aa3060	aa1c50	ff7a0800	0
aa3218	aa1c54	ff7a0800	0
aa33d0	aa1c58	ff7a0800	0
aa3588	aa1c5c	ff7a0800	0
aa3740	aa1c60	ff7a0800	0
aa39a8	aa3910	ff7a0800	0
aa432c	aa3914	ff7a0800	0
aa4c54	aa3918	ff7a0800	0
aa585c	aa5644	ff7a05f4	1
ab683c	aa5648	ff7a05f4	2
ac6e20	aa564c	ff7a05f4	1
ad3950	ad3944	ff7a0800	1
ad4c18	ad3948	ff7a0800	2
ad737c	ad394c	ff7a0800	1
ad8494	ad8488	ff7a0800	1
ad86f0	ad848c	ff7a0800	2
ad8df0	ad8490	ff7a0800	1
ad8fb8	ad8fb0	ff7a0800	1
ad9794	ad8fb4	ff7a0800	1
ada6a0	ada698	ff7a0800	1
adae9c	ada69c	ff7a0800	1
adbe58	adbe50	ff7a0800	1
adc6c4	adbe54	ff7a0800	1
adeca8	adec9c	ff7a0800	1
adef04	adeca0	ff7a0800	2
adf604	adeca4	ff7a0800	1
adf7cc	adf7c4	ff7a0800	1
adffa8	adf7c8	ff7a0800	1
ae0eb0	ae0ea8	ff7a0800	1
ae16a8	ae0eac	ff7a0800	1
ae2664	ae265c	ff7a0800	1
ae2ed0	ae2660	ff7a0800	1
b2323c	b23218	ff70a800	0
b2b588	b23230	ff70a800	0
b36db0	b36a1c	ff70a800	0
b56b00	b56ad8	ff70a800	1
b57010	b56adc	ff70a800	2
b58614	b56ae0	ff70a800	2
b5959c	b56ae4	ff70a800	2
b59ebc	b56ae8	ff70a800	2
b5a438	b56aec	ff70a800	2
b5b508	b56af0	ff70a800	2
b5bea4	b56af4	ff70a800	2
b5c640	b56af8	ff70a800	2
b5c88c	b56afc	ff70a800	1
b5cde4	b5cd1c	ff70a800	0
b5d768	b5cd20	ff70a800	0
b5e124	b5cd24	ff70a800	0
b5ea48	b5cd28	ff70a800	0
b5f370	b5cd2c	ff70a800	0
b5faec	b5cd30	ff70a800	0
b6047c	b5cd34	ff70a800	0
b60bb0	b5cd38	ff70a800	0
b6157c	b5cd3c	ff70a800	0
b61f6c	b61d64	ff70a800	0
b710f8	b70ef0	ff70a800	0
b837e0	b835d8	ff70a800	0
b925e4	b925d8	ff70a800	1
b92f40	b925dc	ff70a800	2
b93acc	b925e0	ff70a800	1
b944f0	b944e4	ff70a800	1
b94618	b944e8	ff70a800	2
b94720	b944ec	ff70a800	0
b94910	b94904	ff70a800	1
b94a30	b94908	ff70a800	2
b94b38	b9490c	ff70a800	0
b94d04	b94cf8	ff70a800	1
b94e28	b94cfc	ff70a800	2
b94f28	b94d00	ff70a800	1
b950f4	b950e8	ff70a800	1
b95220	b950ec	ff70a800	2
b95334	b950f0	ff70a800	1
b95518	b9550c	ff70a800	1
b956ac	b95510	ff70a800	2
b95818	b95514	ff70a800	0
b95a98	b95a8c	ff70a800	1
b95c04	b95a90	ff70a800	0
b95d40	b95a94	ff70a800	1
b95f98	b95f8c	ff70a800	1
b9612c	b95f90	ff70a800	2
b96298	b95f94	ff70a800	1
b96514	b96508	ff70a800	1
b96688	b9650c	ff70a800	2
b967c4	b96510	ff70a800	1
b96a08	b969fc	ff70a800	1
b96bb4	b96a00	ff70a800	2
b96d34	b96a04	ff70a800	1
b96fbc	b96fb0	ff70a800	1
b97134	b96fb4	ff70a800	2
b97278	b96fb8	ff70a800	1
b974d8	b974cc	ff70a800	1
b975a0	b974d0	ff70a800	2
b9764c	b974d4	ff70a800	1
b977c8	b977bc	ff70a800	1
b9799c	b977c0	ff70a800	2
b97b44	b977c4	ff70a800	1
b97e10	b97e04	ff70a800	1
b97fa4	b97e08	ff70a800	2
b98108	b97e0c	ff70a800	1
b98380	b98374	ff70a800	1
b984c0	b98378	ff70a800	2
b985e4	b9837c	ff70a800	1
b987c8	b987bc	ff70a800	1
b988d4	b987c0	ff70a800	2
b989c0	b987c4	ff70a800	1
b98b7c	b98b70	ff70a800	1
b98c8c	b98b74	ff70a800	2
b98d7c	b98b78	ff70a800	1
b98f38	b98f2c	ff70a800	1
b99068	b98f30	ff70a800	2
b99184	b98f34	ff70a800	1
b99338	b9932c	ff70a800	1
b99c94	b99330	ff70a800	2
b9a7f8	b99334	ff70a800	1
b9b24c	b9b240	ff70a800	1
b9bba8	b9b244	ff70a800	2
b9c718	b9b248	ff70a800	1
b9d16c	b9d160	ff70a800	1
b9dc34	b9d164	ff70a800	2
b9e868	b9d168	ff70a800	1
b9f2c4	b9f2b8	ff70a800	1
b9fd30	b9f2bc	ff70a800	2
ba0934	b9f2c0	ff70a800	1
ba1380	ba1374	ff70a800	1
ba1e3c	ba1378	ff70a800	2
ba2a00	ba137c	ff70a800	1
bbf240	bbf04c	ff674800	0
bdf5c8	bdf5a0	ff674800	1
bdf838	bdf5a4	ff674800	2
bdfd5c	bdf5a8	ff674800	2
be02b4	bdf5ac	ff674800	2
be036c	bdf5b0	ff674800	2
be0530	bdf5b4	ff674800	2
be0818	bdf5b8	ff674800	2
be0f60	bdf5bc	ff674800	2
be1388	bdf5c0	ff674800	2
be1600	bdf5c4	ff674800	1
be1b54	be1abc	ff674800	0
be24d8	be1ac0	ff674800	0
be2dfc	be1ac4	ff674800	0
be3710	be34f8	ff6745f4	1
bf6de8	be34fc	ff6745f4	2
c0d7c4	be3500	ff6745f4	1
c1c760	c1c754	ff674800	1
c1ce74	c1c758	ff674800	2
c1d718	c1c75c	ff674800	1
c1e378	c1e370	ff674800	1
c1eb8c	c1e374	ff674800	1
c1f7cc	c1f7c4	ff674800	1
c1ff88	c1f7c8	ff674800	1
c20b1c	c20b10	ff674800	1
c21478	c20b14	ff674800	2
c22004	c20b18	ff674800	1
c23804	c237fc	ff674800	1
c2401c	c23800	ff674800	1
c24c5c	c24c54	ff674800	1
c25418	c24c58	ff674800	1
c25fa4	c25f98	ff674800	0
c26908	c25f9c	ff674800	2
c27494	c25fa0	ff674800	0
c4e470	c4e264	ff5de800	0
c60514	c60510	ff5de800	0
c60918	c60710	ff5de800	0
c70f1c	c70f10	ff5de800	1
c720d4	c70f14	ff5de800	2
c73b48	c70f18	ff5de800	1
ced07c	cecc50	ff548800	0
d25114	d250e0	ff548800	1
d25aec	d250e4	ff548800	2
d26120	d250e8	ff548800	2
d26d70	d250ec	ff548800	2
d27940	d250f0	ff548800	2
d28534	d250f4	ff548800	2
d28f74	d250f8	ff548800	2
d29d08	d250fc	ff548800	2
d2a8ec	d25100	ff548800	2
d2b738	d25104	ff548800	2
d2ba90	d25108	ff548800	2
d2bb04	d2510c	ff548800	2
d2bb78	d25110	ff548800	0
d2c3fc	d2c354	ff548800	0
d2cd80	d2c358	ff548800	0
d2d73c	d2c35c	ff548800	0
d2e060	d2c360	ff548800	0
d2e988	d2c364	ff548800	0
d2f29c	d2f084	ff5485f4	1
d3e2f4	d2f088	ff5485f4	2
d4cae4	d2f08c	ff5485f4	1
d5ea9c	d5ea90	ff548800	1
d5faf0	d5ea94	ff548800	2
d61330	d5ea98	ff548800	1
d6226c	d62260	ff548800	1
d62610	d62264	ff548800	2
d62bd8	d62268	ff548800	1
d62f5c	d62f50	ff548800	1
d63314	d62f54	ff548800	2
d63900	d62f58	ff548800	1
d63c94	d63c88	ff548800	1
d641b0	d63c8c	ff548800	2
d64ac4	d63c90	ff548800	1
d64f8c	d64f80	ff548800	1
d65580	d64f84	ff548800	2
d65f98	d64f88	ff548800	1
d66544	d66538	ff548800	1
d66750	d6653c	ff548800	2
d66970	d66540	ff548800	1
d66cb0	d66ca4	ff548800	1
d66dd4	d66ca8	ff548800	2
d66ef0	d66cac	ff548800	1
d67044	d67038	ff548800	0
d67204	d6703c	ff548800	0
d673c4	d67040	ff548800	0
d67618	d6760c	ff548800	0
d67788	d67610	ff548800	0
d678f8	d67614	ff548800	0
d67ad0	d67ac8	ff548800	1
d68320	d67acc	ff548800	1
d68e60	d68e58	ff548800	1
d6983c	d68e5c	ff548800	1
d6a54c	d6a544	ff548800	1
d6ad04	d6a548	ff548800	1
d6b714	d6b70c	ff548800	1
d6be2c	d6b710	ff548800	1
d6c7b4	d6c7ac	ff548800	1
d6cfb8	d6c7b0	ff548800	1
d6da44	d6da3c	ff548800	1
d6e2bc	d6da40	ff548800	1
d6ef0c	d6ef00	ff548800	1
d6f118	d6ef04	ff548800	2
d6f338	d6ef08	ff548800	1
d6fd7c	d6fd70	ff548800	1
d6fea0	d6fd74	ff548800	2
d6ffbc	d6fd78	ff548800	1
d70110	d70104	ff548800	1
d702d0	d70108	ff548800	2
d7048c	d7010c	ff548800	1
d706e0	d706d4	ff548800	0
d70850	d706d8	ff548800	0
d709c0	d706dc	ff548800	0
d70b94	d70b8c	ff548800	1
d713e4	d70b90	ff548800	1
d71f24	d71f1c	ff548800	1
d72900	d71f20	ff548800	1
d73610	d73608	ff548800	1
d73dc8	d7360c	ff548800	1
d747d8	d747d0	ff548800	1
d74ef0	d747d4	ff548800	1
d75878	d75870	ff548800	1
d7607c	d75874	ff548800	1
d76b08	d76b00	ff548800	1
d77380	d76b04	ff548800	1
d77fd0	d77fc4	ff548800	1
d7a470	d7a264	ff4b2800	0
d8c514	d8c510	ff4b2800	0
d8c918	d8c710	ff4b2800	0
d9cf1c	d9cf10	ff4b2800	1
d9e0d4	d9cf14	ff4b2800	2
d9fb48	d9cf18	ff4b2800	1
e1f7d0	e1f2dc	ff41c800	0
e4b17c	e4b120	ff41c800	1
e4b788	e4b124	ff41c800	2
e4c1c4	e4b128	ff41c800	2
e4ca4c	e4b12c	ff41c800	2
e4d22c	e4b130	ff41c800	2
e4d8fc	e4b134	ff41c800	2
e4e5e4	e4b138	ff41c800	2
e4ef74	e4b13c	ff41c800	2
e4feec	e4b140	ff41c800	2
e50cc0	e4b144	ff41c800	2
e51d78	e4b148	ff41c800	2
e52598	e4b14c	ff41c800	2
e52e4c	e4b150	ff41c800	2
e5385c	e4b154	ff41c800	2
e541ec	e4b158	ff41c800	2
e54ebc	e4b15c	ff41c800	2
e5580c	e4b160	ff41c800	2
e55d00	e4b164	ff41c800	2
e56980	e4b168	ff41c800	2
e5758c	e4b16c	ff41c800	2
e57fca	e4b170	ff41c800	2
e5854f	e4b174	ff41c800	2
e58c2b	e4b178	ff41c800	1
e59560	e59460	ff41c800	0
e59ee4	e59464	ff41c800	0
e5a8a0	e59468	ff41c800	0
e5b1c4	e5946c	ff41c800	0
e5baec	e59470	ff41c800	0
e5c268	e59474	ff41c800	0
e5ce18	e59478	ff41c800	0
e5d61c	e5947c	ff41c800	0
e5fc3c	e5948c	ff41c800	0
e60574	e59490	ff41c800	0
e60fe4	e59494	ff41c800	0
e61718	e59498	ff41c800	0
e620e4	e5949c	ff41c800	0
e62ad4	e628bc	ff41c5f4	1
e77a4c	e628c0	ff41c5f4	2
e85f60	e628c4	ff41c5f4	1
e95ba4	e95b98	ff41c800	1
e96b28	e95b9c	ff41c800	2
e984a8	e95ba0	ff41c800	1
e9927c	e99270	ff41c800	1
e993f4	e99274	ff41c800	2
e9953c	e99278	ff41c800	1
e9977c	e99770	ff41c800	1
e998ec	e99774	ff41c800	2
e99a44	e99778	ff41c800	1
e99ccc	e99cc0	ff41c800	1
e99e44	e99cc4	ff41c800	2
e99fa8	e99cc8	ff41c800	0
e9a220	e9a214	ff41c800	1
e9a3b0	e9a218	ff41c800	2
e9a514	e9a21c	ff41c800	0
e9a794	e9a788	ff41c800	1
e9a900	e9a78c	ff41c800	2
e9aa58	e9a790	ff41c800	1
e9ac74	e9ac68	ff41c800	1
e9adbc	e9ac6c	ff41c800	2
e9aef4	e9ac70	ff41c800	1
e9b114	e9b108	ff41c800	1
e9b278	e9b10c	ff41c800	2
e9b3cc	e9b110	ff41c800	1
e9b5d8	e9b5cc	ff41c800	1
e9b704	e9b5d0	ff41c800	2
e9b81c	e9b5d4	ff41c800	1
e9ba2c	e9ba20	ff41c800	1
e9bb74	e9ba24	ff41c800	2
e9bc98	e9ba28	ff41c800	1
e9be60	e9be54	ff41c800	1
e9bfb8	e9be58	ff41c800	0
e9c0e0	e9be5c	ff41c800	1
e9c2a0	e9c294	ff41c800	1
e9c3d0	e9c298	ff41c800	2
e9c4e8	e9c29c	ff41c800	1
e9c6ac	e9c6a0	ff41c800	1
e9c810	e9c6a4	ff41c800	2
e9c96c	e9c6a8	ff41c800	1
e9cb88	e9cb7c	ff41c800	1
e9ccb8	e9cb80	ff41c800	2
e9cde0	e9cb84	ff41c800	1
e9cfe4	e9cfd8	ff41c800	1
e9d0f4	e9cfdc	ff41c800	2
e9d1f4	e9cfe0	ff41c800	1
e9d354	e9d348	ff41c800	1
e9d4dc	e9d34c	ff41c800	2
e9d634	e9d350	ff41c800	1
e9d860	e9d854	ff41c800	1
e9d9d8	e9d858	ff41c800	2
e9db28	e9d85c	ff41c800	1
e9dda0	e9dd94	ff41c800	1
e9dea0	e9dd98	ff41c800	2
e9dfa4	e9dd9c	ff41c800	1
e9e0fc	e9e0f0	ff41c800	0
e9e224	e9e0f4	ff41c800	2
e9e33c	e9e0f8	ff41c800	1
e9e4d8	e9e4cc	ff41c800	1
e9e7d4	e9e4d0	ff41c800	2
e9ea84	e9e4d4	ff41c800	1
e9eef8	e9eeec	ff41c800	1
e9f19c	e9eef0	ff41c800	2
e9f42c	e9eef4	ff41c800	1
e9f8b4	e9f8a8	ff41c800	1
e9fb50	e9f8ac	ff41c800	2
e9fdbc	e9f8b0	ff41c800	1
ea0184	ea0178	ff41c800	1
ea041c	ea017c	ff41c800	2
ea0680	ea0180	ff41c800	1
ea0a4c	ea0a40	ff41c800	1
ea0b60	ea0a44	ff41c800	2
ea0c7c	ea0a48	ff41c800	1
ea0e10	ea0e04	ff41c800	1
ea1108	ea0e08	ff41c800	2
ea13a4	ea0e0c	ff41c800	0
ea18e0	ea18d4	ff41c800	1
ea1bdc	ea18d8	ff41c800	2
ea1e78	ea18dc	ff41c800	0
ea2424	ea2418	ff41c800	1
ea273c	ea241c	ff41c800	2
ea29d8	ea2420	ff41c800	1
ea2ffc	ea2ff0	ff41c800	1
ea328c	ea2ff4	ff41c800	2
ea34c4	ea2ff8	ff41c800	1
ea386c	ea3860	ff41c800	1
ea3b34	ea3864	ff41c800	2
ea3da0	ea3868	ff41c800	1
ea41e0	ea41d4	ff41c800	1
ea4488	ea41d8	ff41c800	2
ea4708	ea41dc	ff41c800	1
ea4b20	ea4b14	ff41c800	1
ea4cd4	ea4b18	ff41c800	2
ea4e54	ea4b1c	ff41c800	1
ea50d8	ea50cc	ff41c800	1
ea5278	ea50d0	ff41c800	2
ea53fc	ea50d4	ff41c800	1
ea5698	ea568c	ff41c800	1
ea587c	ea5690	ff41c800	2
ea5a0c	ea5694	ff41c800	1
ea5cf0	ea611c	ff387450	1
ea695c	ea6950	ff386800	0
eadb48	ead9bc	ff386800	0
ec3e24	ec3dfc	ff386800	1
ec4834	ec3e00	ff386800	2
ec49cc	ec3e04	ff386800	2
ec4fb8	ec3e08	ff386800	2
ec5204	ec3e0c	ff386800	2
ec577c	ec3e10	ff386800	2
ec5f4c	ec3e14	ff386800	2
ec6ab8	ec3e18	ff386800	2
ec6e30	ec3e1c	ff386800	2
ec71ec	ec3e20	ff386800	1
ec753c	ec748c	ff386800	0
ec7ea4	ec7490	ff386800	0
ec8854	ec7494	ff386800	0
ec9168	ec7498	ff386800	0
ec9a64	ec749c	ff386800	0
eca1ac	ec74a0	ff386800	0
ecaccc	ecaab8	ff3865f4	1
edace8	ecaabc	ff3865f4	1
ee9db4	ee9da8	ff386800	1
eea134	ee9dac	ff386800	2
eea520	ee9db0	ff386800	1
eea968	eea95c	ff386800	1
eead64	eea960	ff386800	2
eeb268	eea964	ff386800	1
eeb6b0	eeb6a4	ff386800	1
eebae4	eeb6a8	ff386800	2
eec084	eeb6ac	ff386800	0
eec4cc	eec4c0	ff386800	1
eec8dc	eec4c4	ff386800	2
eece7c	eec4c8	ff386800	0
eed2c4	eed2b8	ff386800	1
eed6f0	eed2bc	ff386800	2
eedcac	eed2c0	ff386800	1
eee0f4	eee0e8	ff386800	1
eee51c	eee0ec	ff386800	2
eeea60	eee0f0	ff386800	1
eeeea8	eeee9c	ff386800	1
eef284	eeeea0	ff386800	2
eef804	eeeea4	ff386800	1
eefc4c	eefc40	ff386800	1
ef0008	eefc44	ff386800	2
ef0590	eefc48	ff386800	1
ef09d8	ef09cc	ff386800	1
ef0d90	ef09d0	ff386800	2
ef12fc	ef09d4	ff386800	1
ef1744	ef1738	ff386800	1
ef1b00	ef173c	ff386800	2
ef2054	ef1740	ff386800	1
ef249c	ef2490	ff386800	1
ef29a4	ef2494	ff386800	2
ef3078	ef2498	ff386800	1
ef3a24	e94b38	ff30ef88	1
ef3e6c	ef3e60	ff386800	1
ef4280	ef3e64	ff386800	2
ef4820	ef3e68	ff386800	1
ef4c68	ef4c5c	ff386800	1
ef5098	ef4c60	ff386800	2
ef5654	ef4c64	ff386800	1
ef5a9c	ef5a90	ff386800	1
ef5ecc	ef5a94	ff386800	2
ef6404	ef5a98	ff386800	1
ef684c	ef6840	ff386800	1
ef6c28	ef6844	ff386800	2
ef71a8	ef6848	ff386800	1
ef75f0	ef75e4	ff386800	1
ef79ac	ef75e8	ff386800	2
ef7f34	ef75ec	ff386800	1
ef837c	ef8370	ff386800	1
ef8734	ef8374	ff386800	2
ef8ca0	ef8378	ff386800	1
ef90e8	ef90dc	ff386800	1
ef94a4	ef90e0	ff386800	2
ef99f8	ef90e4	ff386800	1
ef9e40	ef9e34	ff386800	1
efa348	ef9e38	ff386800	2
efaa1c	ef9e3c	ff386800	1
f3c470	f3c264	ff2f0800	0
f4e514	f4e510	ff2f0800	0
f4e918	f4e710	ff2f0800	0
f5ef1c	f5ef10	ff2f0800	1
f600d4	f5ef14	ff2f0800	2
f61b48	f5ef18	ff2f0800	1
fd3354	fd3348	ff25a800	0
fda51c	fda2b8	ff25a800	0
ff5954	ff592c	ff25a800	1
ff6064	ff5930	ff25a800	2
ff64d0	ff5934	ff25a800	2
ff6ad4	ff5938	ff25a800	2
ff72dc	ff593c	ff25a800	2
ff7be0	ff5940	ff25a800	2
ff85f0	ff5944	ff25a800	2
ff89f4	ff5948	ff25a800	2
ff8ef8	ff594c	ff25a800	2
ff937c	ff5950	ff25a800	1
ff9614	ff955c	ff25a800	0
ff9f98	ff9560	ff25a800	0
ffa954	ff9564	ff25a800	0
ffb278	ff9568	ff25a800	0
ffbba0	ff956c	ff25a800	0
ffc31c	ff9570	ff25a800	0
ffcc38	ff9574	ff25a800	0
ffd770	ffd568	ff25a800	0
1010388	101037c	ff25a800	1
1010980	1010380	ff25a800	2
1011088	1010384	ff25a800	1
1011ba8	1011b9c	ff25a800	1
1011c78	1011ba0	ff25a800	2
1011d74	1011ba4	ff25a800	1
1011f80	1011f74	ff25a800	1
101200c	1011f78	ff25a800	2
1012124	1011f7c	ff25a800	1
101233c	1012330	ff25a800	1
101243c	1012334	ff25a800	2
10125d8	1012338	ff25a800	1
10129a4	1012998	ff25a800	1
1012f9c	101299c	ff25a800	2
1013660	10129a0	ff25a800	1
101411c	1014110	ff25a800	1
1014250	1014114	ff25a800	2
10143e8	1014118	ff25a800	1
101470c	1014700	ff25a800	1
1014d04	1014704	ff25a800	2
1015398	1014708	ff25a800	1
1015d5c	1015d50	ff25a800	1
1015e5c	1015d54	ff25a800	2
1015f8c	1015d58	ff25a800	1
1016228	101621c	ff25a800	1
1016328	1016220	ff25a800	2
1016464	1016224	ff25a800	1
10166e0	10166d4	ff25a800	1
1016cd8	10166d8	ff25a800	2
1017348	10166dc	ff25a800	1
1017c94	1017c88	ff25a800	1
1017d78	1017c8c	ff25a800	2
1017e74	1017c90	ff25a800	1
1017ff4	1017fe8	ff25a800	1
1018398	1017fec	ff25a800	2
1018780	1017ff0	ff25a800	1
1018d8c	1018d80	ff25a800	1
1018e8c	1018d84	ff25a800	2
1018fc0	1018d88	ff25a800	1
1019518	101950c	ff25a800	1
1019618	1019510	ff25a800	2
10197b4	1019514	ff25a800	1
1019b80	1019b74	ff25a800	1
101a178	1019b78	ff25a800	2
101a82c	1019b7c	ff25a800	1
101b2e8	101b2dc	ff25a800	1
101b41c	101b2e0	ff25a800	2
101b5b4	101b2e4	ff25a800	1
101b8d8	101b8cc	ff25a800	1
101bed0	101b8d0	ff25a800	2
101c564	101b8d4	ff25a800	1
101cf24	101cf18	ff25a800	1
101d024	101cf1c	ff25a800	2
101d158	101cf20	ff25a800	1
101d3ec	101d3e0	ff25a800	1
101d4ec	101d3e4	ff25a800	2
101d628	101d3e8	ff25a800	1
101d8a4	101d898	ff25a800	1
101de9c	101d89c	ff25a800	2
101e50c	101d8a0	ff25a800	1
101ee54	101ee48	ff25a800	1
101ef38	101ee4c	ff25a800	2
101f034	101ee50	ff25a800	1
101f1b4	101f1a8	ff25a800	1
101f558	101f1ac	ff25a800	2
101f940	101f1b0	ff25a800	1
101ff50	101ff44	ff25a800	1
1020050	101ff48	ff25a800	2
1020184	101ff4c	ff25a800	1
106c06c	106be90	ff1c4800	0
10850c4	10850a8	ff1c4800	1
1085ac8	10850ac	ff1c4800	2
1086128	10850b0	ff1c4800	2
10864c4	10850b4	ff1c4800	2
1086f14	10850b8	ff1c4800	2
1087aa8	10850bc	ff1c4800	2
10880f8	10850c0	ff1c4800	1
10886e0	1088628	ff1c4800	0
108909c	108862c	ff1c4800	0
10899c0	1088630	ff1c4800	0
108a2e8	1088634	ff1c4800	0
108aa64	1088638	ff1c4800	0
108b474	108863c	ff1c4800	0
108bdf8	1088640	ff1c4800	0
108c5f4	108c5e8	ff1c4800	0
10914d0	10912c8	ff1c4800	0
10a20f4	10a20e8	ff1c4800	1
10a34fc	10a20ec	ff1c4800	2
10a7040	10a20f0	ff1c4800	1
10a869c	10a8690	ff1c4800	1
10a87a8	10a8694	ff1c4800	2
10a8be0	10a8698	ff1c4800	1
10a8d88	10a8d7c	ff1c4800	1
10a8e5c	10a8d80	ff1c4800	2
10a9020	10a8d84	ff1c4800	1
10a9120	10a9114	ff1c4800	1
10a932c	10a9118	ff1c4800	2
10a9690	10a911c	ff1c4800	1
10a9890	10a9884	ff1c4800	1
10a9a00	10a9888	ff1c4800	2
10a9e84	10a988c	ff1c4800	1
10aa0d4	10aa0c8	ff1c4800	1
10aa208	10aa0cc	ff1c4800	2
10aa3f8	10aa0d0	ff1c4800	1
10aa520	10aa514	ff1c4800	1
10aa650	10aa518	ff1c4800	2
10aa95c	10aa51c	ff1c4800	1
10aab20	10aab14	ff1c4800	1
10aac28	10aab18	ff1c4800	2
10aaf58	10aab1c	ff1c4800	1
10ab0f0	10ab0e8	ff1c4800	1
10ab290	10ab0ec	ff1c4800	1
10ab528	10ab51c	ff1c4800	1
10ab664	10ab520	ff1c4800	2
10aba74	10ab524	ff1c4800	1
10abb88	10abb80	ff1c4800	1
10abcbc	10abb84	ff1c4800	1
10abf10	10abf08	ff1c4800	1
10ac004	10abf0c	ff1c4800	1
10ac23c	10ac234	ff1c4800	1
10ac320	10ac238	ff1c4800	1
10ac568	10ac560	ff1c4800	1
10ac60c	10ac564	ff1c4800	1
10ac790	10ac788	ff1c4800	1
10ac874	10ac78c	ff1c4800	1
10acb08	10acb00	ff1c4800	1
10acbc8	10acb04	ff1c4800	1
10ace30	10ace28	ff1c4800	1
10acf4c	10ace2c	ff1c4800	1
10ad234	10ad228	ff1c4800	1
10ad364	10ad22c	ff1c4800	2
10ad79c	10ad230	ff1c4800	1
10ad93c	10ad930	ff1c4800	1
10adbc4	10ad934	ff1c4800	2
10ae268	10ad938	ff1c4800	1
10ae534	10ae528	ff1c4800	1
10ae804	10ae52c	ff1c4800	2
10aef90	10ae530	ff1c4800	1
10af310	10af304	ff1c4800	1
10af77c	10af308	ff1c4800	2
10b0148	10af30c	ff1c4800	1
10b06e0	10b06d4	ff1c4800	1
10b0a9c	10b06d8	ff1c4800	2
10b1378	10b06dc	ff1c4800	1
10b1844	10b1838	ff1c4800	1
10b19e4	10b183c	ff1c4800	2
10b1f04	10b1840	ff1c4800	1
10b2138	10b212c	ff1c4800	1
10b2258	10b2130	ff1c4800	2
10b26a8	10b2134	ff1c4800	1
10b280c	10b2800	ff1c4800	1
10b28f0	10b2804	ff1c4800	2
10b2a20	10b2808	ff1c4800	1
10b2b64	10b2b58	ff1c4800	1
10b2cd4	10b2b5c	ff1c4800	2
10b30f0	10b2b60	ff1c4800	1
10b33c4	107a314	ff18bc3c	1
10b34d8	10b34d0	ff1c4800	1
10b360c	10b34d4	ff1c4800	1
10b3860	10b3858	ff1c4800	1
10b3954	10b385c	ff1c4800	1
10b3b8c	10b3b84	ff1c4800	1
10b3c70	10b3b88	ff1c4800	1
10b3eb8	10b3eb0	ff1c4800	1
10b3f5c	10b3eb4	ff1c4800	1
10b40e0	10b40d8	ff1c4800	1
10b41c4	10b40dc	ff1c4800	1
10b4458	10b4450	ff1c4800	1
10b4518	10b4454	ff1c4800	1
10b4780	10b4778	ff1c4800	1
10b489c	10b477c	ff1c4800	1
10b4b84	10b4b78	ff1c4800	1
10b4cb4	10b4b7c	ff1c4800	2
10b50ec	10b4b80	ff1c4800	1
10b528c	10b5280	ff1c4800	1
10b5514	10b5284	ff1c4800	2
10b5bb0	10b5288	ff1c4800	1
10b5e7c	10b5e70	ff1c4800	1
10b614c	10b5e74	ff1c4800	2
10b68d8	10b5e78	ff1c4800	1
10b6c48	10b6c3c	ff1c4800	1
10b70b4	10b6c40	ff1c4800	2
10b7a80	10b6c44	ff1c4800	1
10b8018	10b800c	ff1c4800	1
10b83d4	10b8010	ff1c4800	2
10b8cac	10b8014	ff1c4800	1
10b9178	10b916c	ff1c4800	1
10b931c	10b9170	ff1c4800	2
10b983c	10b9174	ff1c4800	1
10b9a70	10b9a64	ff1c4800	1
10b9b90	10b9a68	ff1c4800	2
10b9fe0	10b9a6c	ff1c4800	1
10ba144	10ba138	ff1c4800	1
10ba228	10ba13c	ff1c4800	2
10ba358	10ba140	ff1c4800	1
10ba49c	10ba490	ff1c4800	1
10ba610	10ba494	ff1c4800	2
10baa2c	10ba498	ff1c4800	1
1106100	1105e1c	ff12e800	0
112c3a0	112c36c	ff12e800	1
112cddc	112c370	ff12e800	2
112d328	112c374	ff12e800	2
112d89c	112c378	ff12e800	2
112dce4	112c37c	ff12e800	2
112e588	112c380	ff12e800	2
112ef74	112c384	ff12e800	2
112f2f4	112c388	ff12e800	2
112fc30	112c38c	ff12e800	2
11301d0	112c390	ff12e800	2
11305dc	112c394	ff12e800	2
1130ba0	112c398	ff12e800	2
1131324	112c39c	ff12e800	1
1131fe0	1131f28	ff12e800	0
1132964	1131f2c	ff12e800	0
1133320	1131f30	ff12e800	0
1133c44	1131f34	ff12e800	0
113456c	1131f38	ff12e800	0
1134ce8	1131f3c	ff12e800	0
113561c	1131f40	ff12e800	0
113636c	1136164	ff12e800	0
11475c8	11475c0	ff12e800	1
11486b4	11475c4	ff12e800	1
114a180	114a178	ff12e800	1
114aad4	114a17c	ff12e800	1
114b960	114b958	ff12e800	1
114c4d0	114b95c	ff12e800	1
114d9cc	114d9c4	ff12e800	1
114e598	114d9c8	ff12e800	1
114f80c	114f804	ff12e800	1
1150288	114f808	ff12e800	1
1151cf0	1151ce8	ff12e800	1
1152860	1151cec	ff12e800	1
1153d5c	1153d54	ff12e800	1
1154924	1153d58	ff12e800	1
1155b94	1155b8c	ff12e800	1
1156610	1155b90	ff12e800	1
1194470	1194264	ff098800	0
11a6514	11a6510	ff098800	0
11a6918	11a6710	ff098800	0
11b6f1c	11b6f10	ff098800	1
11b80d4	11b6f14	ff098800	2
11b9b48	11b6f18	ff098800	1
1230b4c	12308f8	ff002800	0
1248178	1248150	ff002800	1
12485a8	1248154	ff002800	2
1248748	1248158	ff002800	2
12489f4	124815c	ff002800	2
1249184	1248160	ff002800	2
1249810	1248164	ff002800	2
124a090	1248168	ff002800	2
124a458	124816c	ff002800	2
124a614	1248170	ff002800	2
124aa84	1248174	ff002800	1
124acd0	124ac18	ff002800	0
124b654	124ac1c	ff002800	0
124c010	124ac20	ff002800	0
124c934	124ac24	ff002800	0
124d25c	124ac28	ff002800	0
124d9d8	124ac2c	ff002800	0
124e2f4	124ac30	ff002800	0
124eeb0	124ec98	ff0025f4	1
125ee0c	124ec9c	ff0025f4	2
126ed74	124eca0	ff0025f4	1
127c63c	127c630	ff002800	1
127ca78	127c634	ff002800	2
127d374	127c638	ff002800	1
127d778	127d76c	ff002800	1
127d8b0	127d770	ff002800	2
127d9d8	127d774	ff002800	1
127dc08	127dbfc	ff002800	1
127dd38	127dc00	ff002800	2
127de70	127dc04	ff002800	1
127e08c	127e080	ff002800	1
127e1b4	127e084	ff002800	2
127e2f8	127e088	ff002800	1
127e508	127e4fc	ff002800	1
127e644	127e500	ff002800	2
127e778	127e504	ff002800	1
127e9ac	127e9a0	ff002800	1
127ed6c	127e9a4	ff002800	2
127f5a8	127e9a8	ff002800	1
128172c	1281720	ff002800	1
1281ae4	1281724	ff002800	2
1282328	1281728	ff002800	1
12826a4	1282698	ff002800	1
12827dc	128269c	ff002800	2
1282904	12826a0	ff002800	1
1282b34	1282b28	ff002800	1
1282c64	1282b2c	ff002800	2
1282d9c	1282b30	ff002800	1
1282fb8	1282fac	ff002800	1
12830e0	1282fb0	ff002800	2
1283224	1282fb4	ff002800	1
1283434	1283428	ff002800	1
1283570	128342c	ff002800	2
12836a4	1283430	ff002800	1
12838d8	12838cc	ff002800	1
1283c90	12838d0	ff002800	2
12844d4	12838d4	ff002800	1
12c0c9c	12c0c90	fef6c800	0
12c7c9c	12c7ad0	fef6c800	0
12e91c4	12e918c	fef6c800	1
12e989c	12e9190	fef6c800	2
12e9c68	12e9194	fef6c800	2
12ea0a0	12e9198	fef6c800	2
12eab18	12e919c	fef6c800	2
12eb6c8	12e91a0	fef6c800	2
12eb984	12e91a4	fef6c800	2
12ebb74	12e91a8	fef6c800	2
12ebd34	12e91ac	fef6c800	2
12ec1c4	12e91b0	fef6c800	2
12ec460	12e91b4	fef6c800	2
12eca54	12e91b8	fef6c800	2
12ecc28	12e91bc	fef6c800	2
12ed100	12e91c0	fef6c800	1
12ed59c	12ed4cc	fef6c800	0
12edf20	12ed4d0	fef6c800	0
12ee8dc	12ed4d4	fef6c800	0
12ef200	12ed4d8	fef6c800	0
12efb28	12ed4dc	fef6c800	0
12f02a4	12ed4e0	fef6c800	0
12f0e54	12ed4e4	fef6c800	0
12f17c8	12ed4e8	fef6c800	0
12f2074	12ed4ec	fef6c800	0
12f2984	12ed4f0	fef6c800	0
12f3558	12f3344	fef6c5f4	1
13060a0	12f3348	fef6c5f4	1
13188e8	13188dc	fef6c800	1
13195b4	13188e0	fef6c800	2
131a1f8	13188e4	fef6c800	1
131b6a0	131b694	fef6c800	1
131c394	131b698	fef6c800	2
131cfc4	131b69c	fef6c800	1
131e454	131e448	fef6c800	1
131f190	131e44c	fef6c800	2
131fda0	131e450	fef6c800	0
1321240	1321234	fef6c800	1
1321e50	1321238	fef6c800	0
1322a80	132123c	fef6c800	1
1323f10	1323f04	fef6c800	1
1324b14	1323f08	fef6c800	2
1325754	1323f0c	fef6c800	1
1326bd8	1326bcc	fef6c800	1
1327838	1326bd0	fef6c800	2
1328438	1326bd4	fef6c800	1
13298d0	13298c4	fef6c800	1
132a5b4	13298c8	fef6c800	2
132b2c0	13298cc	fef6c800	1
132c78c	132c780	fef6c800	1
132cf80	132c784	fef6c800	2
132d70c	132c788	fef6c800	1
132e468	132e45c	fef6c800	1
132ecbc	132e460	fef6c800	2
132f468	132e464	fef6c800	1
13303bc	13303b0	fef6c800	1
1330c4c	13303b4	fef6c800	2
1331490	13303b8	fef6c800	1
1333a80	1333a74	fef6c800	1
1334284	1333a78	fef6c800	2
1334a00	1333a7c	fef6c800	1
1335758	133574c	fef6c800	1
1335fd8	1335750	fef6c800	2
1336750	1335754	fef6c800	0
13376a0	1337694	fef6c800	1
1337fe8	1337698	fef6c800	2
1338760	133769c	fef6c800	0
135cc54	135ca60	feed6800	0
13733fc	13733d4	feed6800	1
1373da8	13733d8	feed6800	2
13741fc	13733dc	feed6800	2
13744b4	13733e0	feed6800	2
137472c	13733e4	feed6800	2
13747a0	13733e8	feed6800	0
1374814	13733ec	feed6800	0
1374888	13733f0	feed6800	0
13748fc	13733f4	feed6800	0
1374970	13733f8	feed6800	0
1374f74	1374eb4	feed6800	0
13758f8	1374eb8	feed6800	0
13762b4	1374ebc	feed6800	0
1376bd8	1374ec0	feed6800	0
1377500	1374ec4	feed6800	0
1377c7c	1374ec8	feed6800	0
13785b0	1374ecc	feed6800	0
1379170	1374ed0	feed6800	0
1379d24	1379b1c	feed6800	0
138a2f0	138a2e4	feed6800	1
138b1f8	138a2e8	feed6800	2
138c750	138a2ec	feed6800	1
1392054	1392048	feed6800	1
1392f5c	139204c	feed6800	2
13944b8	1392050	feed6800	1
13f42dc	13f4028	fee40800	0
1411dd4	1411dac	fee40800	1
1412838	1411db0	fee40800	2
1412bc8	1411db4	fee40800	2
1413414	1411db8	fee40800	2
1413e58	1411dbc	fee40800	2
14140b0	1411dc0	fee40800	2
1414430	1411dc4	fee40800	2
1414b04	1411dc8	fee40800	2
1414b78	1411dcc	fee40800	2
1414bec	1411dd0	fee40800	0
14150d8	1415018	fee40800	0
1415a5c	141501c	fee40800	0
1416418	1415020	fee40800	0
1416d3c	1415024	fee40800	0
1417664	1415028	fee40800	0
1417de0	141502c	fee40800	0
1418714	1415030	fee40800	0
14192d4	1415034	fee40800	0
1419e8c	1419c78	fee405f4	1
142b1ec	1419c7c	fee405f4	1
143b07c	143b070	fee40800	1
143b620	143b074	fee40800	2
143bbe0	143b078	fee40800	1
143c520	143c514	fee40800	1
143ca48	143c518	fee40800	2
143cfe8	143c51c	fee40800	1
143d9ac	143d9a0	fee40800	1
143dedc	143d9a4	fee40800	2
143e434	143d9a8	fee40800	1
143ef74	143ef68	fee40800	1
143f4c0	143ef6c	fee40800	2
143fa1c	143ef70	fee40800	1
1440488	144047c	fee40800	1
1440af4	1440480	fee40800	2
14415c8	1440484	fee40800	1
144242c	1442420	fee40800	1
14429d0	1442424	fee40800	2
1442f90	1442428	fee40800	1
14438d0	14438c4	fee40800	1
1443df8	14438c8	fee40800	2
1444398	14438cc	fee40800	1
1444d5c	1444d50	fee40800	1
144528c	1444d54	fee40800	2
14457e0	1444d58	fee40800	1
1446318	144630c	fee40800	1
1446864	1446310	fee40800	2
1446dc0	1446314	fee40800	1
1447820	1447814	fee40800	1
1447e8c	1447818	fee40800	2
1448964	144781c	fee40800	1
148901c	1488e28	fedaa800	0
14a5f70	14a5f48	fedaa800	1
14a6ad8	14a5f4c	fedaa800	2
14a7694	14a5f50	fedaa800	2
14a7b68	14a5f54	fedaa800	2
14a7d24	14a5f58	fedaa800	2
14a7f08	14a5f5c	fedaa800	2
14a80c4	14a5f60	fedaa800	2
14a82dc	14a5f64	fedaa800	2
14a8498	14a5f68	fedaa800	2
14a85c4	14a5f6c	fedaa800	1
14a8830	14a8798	fedaa800	0
14a91b4	14a879c	fedaa800	0
14a9ad8	14a87a0	fedaa800	0
14aa3e4	14aa1dc	fedaa800	0
14bb09c	14bb090	fedaa800	1
14bb94c	14bb094	fedaa800	2
14bc538	14bb098	fedaa800	1
14bd7bc	14bd7b0	fedaa800	1
14bdf98	14bd7b4	fedaa800	2
14be84c	14bd7b8	fedaa800	1
14bf940	14bf938	fedaa800	1
14c0170	14bf93c	fedaa800	1
14c1334	14c132c	fedaa800	1
14c1b50	14c1330	fedaa800	1
14c2bf8	14c2bec	fedaa800	1
14c33d4	14c2bf0	fedaa800	2
14c3c88	14c2bf4	fedaa800	1
14c4d7c	14c4d74	fedaa800	1
14c5598	14c4d78	fedaa800	1
14c675c	14c6754	fedaa800	1
14c6f78	14c6758	fedaa800	1
151c48c	151c110	fed14800	0
153df64	153df3c	fed14800	1
153e848	153df40	fed14800	2
153f1f4	153df44	fed14800	2
153fcd8	153df48	fed14800	2
1540720	153df4c	fed14800	2
1541190	153df50	fed14800	2
1541b80	153df54	fed14800	2
154282c	153df58	fed14800	2
15433a0	153df5c	fed14800	2
1544248	153df60	fed14800	1
1544f44	1544e64	fed14800	0
1545724	1544e68	fed14800	0
15460b4	1544e6c	fed14800	0
1546a70	1544e70	fed14800	0
1547394	1544e74	fed14800	0
1547cbc	1544e78	fed14800	0
1548438	1544e7c	fed14800	0
1548e48	1544e80	fed14800	0
15497cc	1544e84	fed14800	0
154a024	1544e88	fed14800	0
154a758	1544e8c	fed14800	0
154ba78	151813c	fece1de0	1
1556298	1556080	fed145f4	1
156681c	1556084	fed145f4	2
15754a4	1556088	fed145f4	1
15815d4	15815cc	fed14800	1
1581c44	15815d0	fed14800	1
1582694	1582688	fed14800	1
1582808	158268c	fed14800	2
1582968	1582690	fed14800	0
1582b5c	1582b50	fed14800	1
1582cd4	1582b54	fed14800	2
1582e34	1582b58	fed14800	0
158303c	1583030	fed14800	1
15831f4	1583034	fed14800	2
1583390	1583038	fed14800	0
15835f4	15835e8	fed14800	1
15837a8	15835ec	fed14800	2
1583944	15835f0	fed14800	0
1583bdc	1583bd0	fed14800	1
1583da0	1583bd4	fed14800	2
1583f50	1583bd8	fed14800	1
15841c4	15841b8	fed14800	1
1584398	15841bc	fed14800	2
1584544	15841c0	fed14800	1
15847cc	15847c0	fed14800	1
1584988	15847c4	fed14800	2
1584b38	15847c8	fed14800	1
1584d9c	1584d90	fed14800	1
1584f6c	1584d94	fed14800	2
1585118	1584d98	fed14800	1
1585378	158536c	fed14800	1
1585534	1585370	fed14800	2
15856dc	1585374	fed14800	1
1585948	158593c	fed14800	1
1585b08	1585940	fed14800	2
1585cb8	1585944	fed14800	1
1585f28	1585f1c	fed14800	1
15860f8	1585f20	fed14800	2
15862a0	1585f24	fed14800	1
1586518	158650c	fed14800	1
15866f0	1586510	fed14800	2
15868a0	1586514	fed14800	0
1586b14	1586b08	fed14800	1
1586ce4	1586b0c	fed14800	2
1586e94	1586b10	fed14800	0
1587124	1587118	fed14800	1
15872f0	158711c	fed14800	2
1587498	1587120	fed14800	0
15876cc	15876c0	fed14800	1
1587894	15876c4	fed14800	2
1587a3c	15876c8	fed14800	0
1587c8c	1587c80	fed14800	1
1587e50	1587c84	fed14800	2
1587ff4	1587c88	fed14800	1
1588220	1588214	fed14800	1
15883ec	1588218	fed14800	2
1588594	158821c	fed14800	1
15887cc	15887c0	fed14800	1
15889e4	15887c4	fed14800	2
1588be0	15887c8	fed14800	0
1588eb4	1588ea8	fed14800	1
15890b0	1588eac	fed14800	0
1589298	1588eb0	fed14800	1
158953c	1589530	fed14800	1
1589728	1589534	fed14800	2
1589908	1589538	fed14800	1
1589bc0	1589bb4	fed14800	1
1589cf0	1589bb8	fed14800	2
1589e10	1589bbc	fed14800	1
1589f84	1589f78	fed14800	1
158a0b8	1589f7c	fed14800	2
158a1dc	1589f80	fed14800	0
158a370	158a364	fed14800	1
158a4a4	158a368	fed14800	2
158a5c8	158a36c	fed14800	0
158a778	158a76c	fed14800	1
158a938	158a770	fed14800	2
158aad8	158a774	fed14800	1
158ad6c	158ad60	fed14800	1
158af50	158ad64	fed14800	2
158b128	158ad68	fed14800	1
158b3d0	158b3c8	fed14800	1
158bac4	158b3cc	fed14800	1
158c57c	158c570	fed14800	1
158cb9c	158c574	fed14800	2
158d0e0	158c578	fed14800	1
15ae7c8	15ae7bc	fec7e800	0
15b3e3c	15b3d50	fec7e800	0
15c5fc4	15c5f9c	fec7e800	1
15c6394	15c5fa0	fec7e800	2
15c6714	15c5fa4	fec7e800	2
15c6b6c	15c5fa8	fec7e800	2
15c6d24	15c5fac	fec7e800	0
15c6edc	15c5fb0	fec7e800	0
15c7094	15c5fb4	fec7e800	0
15c724c	15c5fb8	fec7e800	0
15c7404	15c5fbc	fec7e800	0
15c75bc	15c5fc0	fec7e800	0
15c780c	15c7784	fec7e800	0
15c8320	15c8118	fec7e800	0
15d8d74	15d8d68	fec7e800	1
15d9174	15d8d6c	fec7e800	2
15d9a50	15d8d70	fec7e800	1
15d9e34	15d9e28	fec7e800	1
15da90c	15d9e2c	fec7e800	2
15dc408	15d9e30	fec7e800	1
15e0868	15e085c	fec7e800	1
15e0c68	15e0860	fec7e800	2
15e1548	15e0864	fec7e800	1
15e192c	15e1920	fec7e800	1
15e2408	15e1924	fec7e800	2
15e3f04	15e1928	fec7e800	1
1644bd8	1644bcc	febe8800	0
164cba8	164c7ec	febe8800	0
1679f3c	1679f14	febe8800	1
167a2a0	1679f18	febe8800	2
167a908	1679f1c	febe8800	2
167ae04	1679f20	febe8800	2
167b240	1679f24	febe8800	2
167b610	1679f28	febe8800	2
167b988	1679f2c	febe8800	2
167bbd4	1679f30	febe8800	2
167c404	1679f34	febe8800	2
167c7b0	1679f38	febe8800	1
167d3cc	167d30c	febe8800	0
167dd50	167d310	febe8800	0
167e678	167d314	febe8800	0
167f020	167d318	febe8800	0
167fa6c	167d31c	febe8800	0
1680278	167d320	febe8800	0
1680c34	167d324	febe8800	0
1681558	167d328	febe8800	0
1681e64	1681c5c	febe8800	0
1693368	169335c	febe8800	1
16939d4	1693360	febe8800	2
169410c	1693364	febe8800	1
1694724	1694718	febe8800	1
1694ce0	169471c	febe8800	2
16954cc	1694720	febe8800	1
1695b14	1695b08	febe8800	1
16960c8	1695b0c	febe8800	2
1696858	1695b10	febe8800	1
1696e64	1696e58	febe8800	1
1697430	1696e5c	febe8800	2
1697b64	1696e60	febe8800	1
1698180	1698174	febe8800	1
1698730	1698178	febe8800	2
1698f04	169817c	febe8800	1
16994e4	16994d8	febe8800	1
1699ab4	16994dc	febe8800	2
169a29c	16994e0	febe8800	1
169a944	169a938	febe8800	1
169af04	169a93c	febe8800	2
169b68c	169a940	febe8800	1
169bd2c	169bd20	febe8800	1
169c2c4	169bd24	febe8800	2
169ca0c	169bd28	febe8800	1
169d0a4	169d098	febe8800	1
169d62c	169d09c	febe8800	2
169dd58	169d0a0	febe8800	1
169e3ec	169e3e0	febe8800	1
169e9d0	169e3e4	febe8800	2
169f190	169e3e8	febe8800	1
16da498	16da48c	feb52800	0
16e0ce8	16e0a24	feb52800	0
16fc2a4	16fc27c	feb52800	1
16fc830	16fc280	feb52800	2
16fcba8	16fc284	feb52800	2
16fd1f4	16fc288	feb52800	2
16fd6f0	16fc28c	feb52800	2
16fdd34	16fc290	feb52800	2
16fe2d0	16fc294	feb52800	2
16fe5a8	16fc298	feb52800	2
16fe9a0	16fc29c	feb52800	2
16fed0c	16fc2a0	feb52800	1
16ff074	16fefac	feb52800	0
16ffae8	16fefb0	feb52800	0
170046c	16fefb4	feb52800	0
1700e28	16fefb8	feb52800	0
170174c	16fefbc	feb52800	0
1702074	16fefc0	feb52800	0
17027f0	16fefc4	feb52800	0
1703164	16fefc8	feb52800	0
1703b0c	16fefcc	feb52800	0
17046c0	17044b8	feb52800	0
171a808	171a7fc	feb52800	1
171acdc	171a800	feb52800	2
171b2b0	171a804	feb52800	1
171bab4	171baa8	feb52800	1
171ce3c	171ce30	feb52800	1
171d364	171ce34	feb52800	2
171d960	171ce38	feb52800	1
171e3c8	171e3bc	feb52800	1
171e8f0	171e3c0	feb52800	2
171eef8	171e3c4	feb52800	1
171f9c4	171f9b8	feb52800	1
171feec	171f9bc	feb52800	2
17204ec	171f9c0	feb52800	1
1721008	1720ffc	feb52800	1
1721530	1721000	feb52800	2
1721acc	1721004	feb52800	1
1723720	1723714	feb52800	1
1723c48	1723718	feb52800	2
1724244	172371c	feb52800	1
1724cac	1724ca0	feb52800	1
17251d4	1724ca4	feb52800	2
17257e0	1724ca8	feb52800	1
17262ac	17262a0	feb52800	1
17267d4	17262a4	feb52800	2
1726dd4	17262a8	feb52800	1
17278f4	17278e8	feb52800	1
1727e1c	17278ec	feb52800	2
17283b8	17278f0	feb52800	1
1770504	17704f8	feabc800	0
1775ddc	1775c48	feabc800	0
1790be4	1790bbc	feabc800	1
17913a4	1790bc0	feabc800	2
1791744	1790bc4	feabc800	2
17919e8	1790bc8	feabc800	2
1791fb0	1790bcc	feabc800	2
1792170	1790bd0	feabc800	0
1792330	1790bd4	feabc800	0
17924f0	1790bd8	feabc800	0
17926b0	1790bdc	feabc800	0
1792870	1790be0	feabc800	0
1792b04	1792a54	feabc800	0
1793488	1792a58	feabc800	0
1793e44	1792a5c	feabc800	0
1794768	1792a60	feabc800	0
1795090	1792a64	feabc800	0
179580c	1792a68	feabc800	0
1796310	1796108	feabc800	0
17a8650	17a8644	feabc800	1
17a8ca8	17a8648	feabc800	2
17a9504	17a864c	feabc800	1
17ace04	17acdf8	feabc800	1
17ad45c	17acdfc	feabc800	2
17adcb8	17ace00	feabc800	1
18139e4	1813978	fea26800	0
1817a48	1817a2c	fea26800	1
1817c84	1817a30	fea26800	2
1818378	1817a34	fea26800	2
181875c	1817a38	fea26800	2
1818c18	1817a3c	fea26800	2
1819144	1817a40	fea26800	2
1819c25	1817a44	fea26800	1
181a064	1819f8c	fea26800	0
181aa20	1819f90	fea26800	0
181b344	1819f94	fea26800	0
181bc6c	1819f98	fea26800	0
181c3e8	1819f9c	fea26800	0
181cbf0	1819fa0	fea26800	0
181d568	1819fa4	fea26800	0
181de28	1819fa8	fea26800	0
181e710	1819fac	fea26800	0
181f02c	1819fb0	fea26800	0
181f80c	1819fb4	fea26800	0
182032c	1820124	fea26800	0
1830f74	1830f68	fea26800	1
18311e4	1830f6c	fea26800	2
18313f8	1830f70	fea26800	1
189c470	189c264	fe990800	0
18ae514	18ae510	fe990800	0
18ae918	18ae710	fe990800	0
18bef1c	18bef10	fe990800	1
18c00d4	18bef14	fe990800	2
18c1b48	18bef18	fe990800	1
1932470	1932264	fe8fa800	0
1944514	1944510	fe8fa800	0
1944918	1944710	fe8fa800	0
1954f1c	1954f10	fe8fa800	1
19560d4	1954f14	fe8fa800	2
1957b48	1954f18	fe8fa800	1
19d0978	19d0744	fe864800	0
19ebf30	19ebf08	fe864800	1
19ec934	19ebf0c	fe864800	2
19ed0b0	19ebf10	fe864800	2
19ed7e8	19ebf14	fe864800	2
19edba4	19ebf18	fe864800	2
19ede68	19ebf1c	fe864800	2
19edfbc	19ebf20	fe864800	2
19ee0b4	19ebf24	fe864800	2
19ee16c	19ebf28	fe864800	2
19ee298	19ebf2c	fe864800	1
19ee3b8	19ee320	fe864800	0
19eed3c	19ee324	fe864800	0
19ef660	19ee328	fe864800	0
19eff6c	19efd64	fe864800	0
1a0148c	1a01480	fe864800	1
1a023f4	1a01484	fe864800	2
1a03390	1a01488	fe864800	1
1a045a0	1a04598	fe864800	1
1a0495c	1a0459c	fe864800	1
1a04f28	1a04f20	fe864800	1
1a05494	1a04f24	fe864800	1
1a05e7c	1a05e70	fe864800	1
1a0664c	1a05e74	fe864800	2
1a072a4	1a05e78	fe864800	1
1a07a80	1a07a78	fe864800	1
1a07cec	1a07a7c	fe864800	1
1a07fb0	1a07fa8	fe864800	1
1a08170	1a07fac	fe864800	1
1a0838c	1a08384	fe864800	1
1a08528	1a08388	fe864800	1
1a0873c	1a08734	fe864800	1
1a08e54	1a08738	fe864800	1
1a09ae4	1a09adc	fe864800	1
1a09c80	1a09ae0	fe864800	1
1a09e94	1a09e8c	fe864800	1
1a0a5ac	1a09e90	fe864800	1
1a696b0	1a693dc	fe7ce800	0
1a82dec	1a82dc4	fe7ce800	1
1a831bc	1a82dc8	fe7ce800	2
1a83664	1a82dcc	fe7ce800	2
1a83bec	1a82dd0	fe7ce800	2
1a84794	1a82dd4	fe7ce800	2
1a84e54	1a82dd8	fe7ce800	2
1a85310	1a82ddc	fe7ce800	2
1a8578c	1a82de0	fe7ce800	2
1a860a8	1a82de4	fe7ce800	2
1a864e4	1a82de8	fe7ce800	1
1a86cb8	1a86be8	fe7ce800	0
1a8763c	1a86bec	fe7ce800	0
1a87ff8	1a86bf0	fe7ce800	0
1a8891c	1a86bf4	fe7ce800	0
1a89244	1a86bf8	fe7ce800	0
1a89a90	1a86bfc	fe7ce800	0
1a8a20c	1a86c00	fe7ce800	0
1a8aa10	1a86c04	fe7ce800	0
1a8b144	1a86c08	fe7ce800	0
1a8bb10	1a86c0c	fe7ce800	0
1a8c500	1a8c2e8	fe7ce5f4	1
1aa1478	1a8c2ec	fe7ce5f4	2
1aaf98c	1a8c2f0	fe7ce5f4	1
1abdd14	1abdd08	fe7ce800	1
1abec98	1abdd0c	fe7ce800	2
1ac0618	1abdd10	fe7ce800	1
1ac13ec	1ac13e0	fe7ce800	1
1ac1564	1ac13e4	fe7ce800	2
1ac16ac	1ac13e8	fe7ce800	1
1ac18ec	1ac18e0	fe7ce800	1
1ac1a5c	1ac18e4	fe7ce800	2
1ac1bb4	1ac18e8	fe7ce800	1
1ac1e3c	1ac1e30	fe7ce800	1
1ac1fb4	1ac1e34	fe7ce800	2
1ac2118	1ac1e38	fe7ce800	0
1ac2390	1ac2384	fe7ce800	1
1ac2520	1ac2388	fe7ce800	2
1ac2684	1ac238c	fe7ce800	0
1ac2904	1ac28f8	fe7ce800	1
1ac2a70	1ac28fc	fe7ce800	2
1ac2bc8	1ac2900	fe7ce800	1
1ac2de4	1ac2dd8	fe7ce800	1
1ac2f2c	1ac2ddc	fe7ce800	2
1ac3064	1ac2de0	fe7ce800	1
1ac3284	1ac3278	fe7ce800	1
1ac33e8	1ac327c	fe7ce800	2
1ac353c	1ac3280	fe7ce800	1
1ac3748	1ac373c	fe7ce800	1
1ac3874	1ac3740	fe7ce800	2
1ac398c	1ac3744	fe7ce800	1
1ac3b9c	1ac3b90	fe7ce800	1
1ac3ce4	1ac3b94	fe7ce800	2
1ac3e08	1ac3b98	fe7ce800	1
1ac3fd0	1ac3fc4	fe7ce800	1
1ac4128	1ac3fc8	fe7ce800	2
1ac4250	1ac3fcc	fe7ce800	1
1ac4410	1ac4404	fe7ce800	1
1ac4540	1ac4408	fe7ce800	2
1ac4658	1ac440c	fe7ce800	1
1ac481c	1ac4810	fe7ce800	1
1ac4980	1ac4814	fe7ce800	2
1ac4adc	1ac4818	fe7ce800	1
1ac4cf8	1ac4cec	fe7ce800	1
1ac4e28	1ac4cf0	fe7ce800	2
1ac4f50	1ac4cf4	fe7ce800	1
1ac5154	1ac5148	fe7ce800	1
1ac5264	1ac514c	fe7ce800	2
1ac5364	1ac5150	fe7ce800	1
1ac54c4	1ac54b8	fe7ce800	1
1ac564c	1ac54bc	fe7ce800	2
1ac57a4	1ac54c0	fe7ce800	1
1ac59d0	1ac59c4	fe7ce800	1
1ac5b48	1ac59c8	fe7ce800	2
1ac5c98	1ac59cc	fe7ce800	1
1ac5f10	1ac5f04	fe7ce800	1
1ac6010	1ac5f08	fe7ce800	2
1ac6114	1ac5f0c	fe7ce800	1
1ac626c	1ac6260	fe7ce800	0
1ac6394	1ac6264	fe7ce800	2
1ac64ac	1ac6268	fe7ce800	1
1ac6648	1ac663c	fe7ce800	1
1ac6944	1ac6640	fe7ce800	2
1ac6bf4	1ac6644	fe7ce800	1
1ac7068	1ac705c	fe7ce800	1
1ac730c	1ac7060	fe7ce800	2
1ac759c	1ac7064	fe7ce800	1
1ac7a24	1ac7a18	fe7ce800	1
1ac7cc0	1ac7a1c	fe7ce800	2
1ac7f2c	1ac7a20	fe7ce800	1
1ac82f4	1ac82e8	fe7ce800	1
1ac858c	1ac82ec	fe7ce800	2
1ac87f0	1ac82f0	fe7ce800	1
1ac8bbc	1ac8bb0	fe7ce800	1
1ac8cd0	1ac8bb4	fe7ce800	2
1ac8dec	1ac8bb8	fe7ce800	0
1ac8f80	1ac8f74	fe7ce800	1
1ac9094	1ac8f78	fe7ce800	2
1ac91b0	1ac8f7c	fe7ce800	0
1ac9344	1ac9338	fe7ce800	1
1ac94bc	1ac933c	fe7ce800	2
1ac9620	1ac9340	fe7ce800	0
1ac9898	1ac988c	fe7ce800	1
1ac9a28	1ac9890	fe7ce800	2
1ac9b8c	1ac9894	fe7ce800	0
1ac9e0c	1ac9e00	fe7ce800	1
1ac9f70	1ac9e04	fe7ce800	0
1aca0cc	1ac9e08	fe7ce800	1
1aca524	1aca518	fe7ce800	1
1aca6b4	1aca51c	fe7ce800	2
1acaa98	1acaa8c	fe7ce800	1
1acad58	1acaa94	fe7ce800	1
1af48c0	1af48b4	fe738800	0
1afb578	1afb264	fe738800	0
1b14704	1b146dc	fe738800	1
1b14860	1b146e0	fe738800	2
1b14b04	1b146e4	fe738800	2
1b14ec4	1b146e8	fe738800	2
1b153a0	1b146ec	fe738800	2
1b15acc	1b146f0	fe738800	2
1b162a8	1b146f4	fe738800	2
1b16590	1b146f8	fe738800	2
1b16630	1b146fc	fe738800	2
1b167e8	1b14700	fe738800	1
1b16a98	1b169d0	fe738800	0
1b1750c	1b169d4	fe738800	0
1b17ec8	1b169d8	fe738800	0
1b187ec	1b169dc	fe738800	0
1b19100	1b169e0	fe738800	0
1b19a28	1b169e4	fe738800	0
1b1a1a4	1b169e8	fe738800	0
1b1a984	1b169ec	fe738800	0
1b1b314	1b169f0	fe738800	0
1b1bdec	1b1bbcc	fe7385f4	1
1b28880	1b1bbd0	fe7385f4	2
1b394cc	1b1bbd4	fe7385f4	2
1b4876c	1b1bbd8	fe7385f4	2
1b566c8	1b1bbdc	fe7385f4	1
1b6b450	1b6b448	fe738800	1
1b6b758	1b6b44c	fe738800	1
1b6ba68	1b6ba5c	fe738800	1
1b6be68	1b6ba60	fe738800	2
1b6c744	1b6ba64	fe738800	1
1b6cb28	1b6cb1c	fe738800	1
1b6d030	1b6cb20	fe738800	2
1b6d704	1b6cb24	fe738800	1
1b6e05c	1b6db48	fe738800	0
1b6e6a8	1b6e69c	fe738800	1
1b6f62c	1b6e6a0	fe738800	2
1b70fac	1b6e6a4	fe738800	1
1b8d528	1b8d3ac	fe6a2800	0
1b950f4	1b950e4	fe6a2800	1
1b95980	1b950e8	fe6a2800	2
1b96830	1b950ec	fe6a2800	2
1b96e5c	1b950f0	fe6a2800	1
1b97940	1b69a1c	fe66b1a4	1
1b9cfa0	1b9cd84	fe6a25f4	1
1badde4	1b9cd88	fe6a25f4	2
1bbb838	1b9cd8c	fe6a25f4	2
1bc3e68	1b9cd90	fe6a25f4	1
1bd5748	1bd573c	fe6a2800	1
1bd59b8	1bd5740	fe6a2800	2
1bd5bcc	1bd5744	fe6a2800	1
1bd5d08	1bd5cfc	fe6a2800	1
1bd6644	1bd5d00	fe6a2800	2
1bd72c4	1bd5d04	fe6a2800	1
1bd7f4c	1bd7f40	fe6a2800	1
1bd805c	1bd7f44	fe6a2800	2
1bd815c	1bd7f48	fe6a2800	1
1bd830c	1bd8304	fe6a2800	1
1bd91b4	1bd8308	fe6a2800	1
1bda3c8	1bda3c0	fe6a2800	1
1bdb464	1bda3c4	fe6a2800	1
1bdc8a0	1bdc898	fe6a2800	1
1bdd7a8	1bdc89c	fe6a2800	1
1bdeaf4	1bdeaec	fe6a2800	1
1bdf188	1bdeaf0	fe6a2800	1
1be05f8	1be05f0	fe6a2800	1
1be1694	1be05f4	fe6a2800	1
1be2ad0	1be2ac8	fe6a2800	1
1be39d8	1be2acc	fe6a2800	1
1be4d1c	1be4d14	fe6a2800	1
1be53b0	1be4d18	fe6a2800	1
1be5fcc	1be5fc4	fe6a2800	1
1be6ed4	1be5fc8	fe6a2800	1
1be8218	1be8210	fe6a2800	1
1be88ac	1be8214	fe6a2800	1
1c20928	1c208bc	fe60c800	0
1c22bf4	1c22bf0	fe60c800	0
1c23f40	1c23eb8	fe60c800	0
1c31edc	1c31cd4	fe60c800	0
1c3fa6c	1c3fa64	fe60c800	1
1c3fadc	1c3fa68	fe60c800	1
1c42f1c	1c42f10	fe60c800	1
1c440d4	1c42f14	fe60c800	2
1c45b48	1c42f18	fe60c800	1
1cbd81c	1cbd538	fe576800	0
1cdc314	1cdc2ec	fe576800	1
1cdc4b0	1cdc2f0	fe576800	2
1cdc524	1cdc2f4	fe576800	2
1cdca2c	1cdc2f8	fe576800	2
1cdcdbc	1cdc2fc	fe576800	2
1cdd020	1cdc300	fe576800	2
1cdd3ec	1cdc304	fe576800	2
1cdd7c8	1cdc308	fe576800	2
1cdda98	1cdc30c	fe576800	2
1cddd6c	1cdc310	fe576800	1
1cde0c4	1cde004	fe576800	0
1cdea48	1cde008	fe576800	0
1cdf404	1cde00c	fe576800	0
1cdfd28	1cde010	fe576800	0
1ce0650	1cde014	fe576800	0
1ce0dcc	1cde018	fe576800	0
1ce1630	1cde01c	fe576800	0
1ce21f0	1cde020	fe576800	0
1ce2dac	1ce2b94	fe5765f4	1
1cea8c8	1ce2b98	fe5765f4	2
1cf23e0	1ce2b9c	fe5765f4	1
1cf99e0	1cf99d4	fe576800	1
1cf9c38	1cf9ce4	fe576b08	1
1cf9ce8	1cf9cdc	fe576800	1
1cf9f40	1cf9fec	fe576b08	1
1cf9ff0	1cf9fe4	fe576800	1
1cfa248	1cfa2f4	fe576b08	1
1cfa2f8	1cfa2ec	fe576800	1
1cfa550	1cfa5fc	fe576b08	1
1cfa600	1cfa5f4	fe576800	1
1cfa858	1cfa904	fe576b08	1
1cfa908	1cfa8fc	fe576800	1
1cfac10	1cfac04	fe576800	1
1d01150	1d01144	fe576800	1
1d013a8	1d01454	fe576b08	1
1d01458	1d0144c	fe576800	1
1d016b0	1d0175c	fe576b08	1
1d01760	1d01754	fe576800	1
1d019b8	1d01a64	fe576b08	1
1d01a68	1d01a5c	fe576800	1
1d01cc0	1d01d6c	fe576b08	1
1d01d70	1d01d64	fe576800	1
1d01fc8	1d02074	fe576b08	1
1d02078	1d0206c	fe576800	1
1d02380	1d02374	fe576800	1
1d521c8	1d52024	fe4e0800	0
1d64038	1d64010	fe4e0800	1
1d641a8	1d64014	fe4e0800	2
1d6421c	1d64018	fe4e0800	2
1d64854	1d6401c	fe4e0800	2
1d648c8	1d64020	fe4e0800	0
1d6493c	1d64024	fe4e0800	0
1d649b0	1d64028	fe4e0800	0
1d64a24	1d6402c	fe4e0800	0
1d64a98	1d64030	fe4e0800	2
1d64d64	1d64034	fe4e0800	1
1d650bc	1d64ffc	fe4e0800	0
1d65a40	1d65000	fe4e0800	0
1d663fc	1d65004	fe4e0800	0
1d66d20	1d65008	fe4e0800	0
1d67648	1d6500c	fe4e0800	0
1d67dc4	1d65010	fe4e0800	0
1d68754	1d65014	fe4e0800	0
1d69314	1d65018	fe4e0800	0
1d69ec8	1d69cc0	fe4e0800	0
1d78e6c	1d78e60	fe4e0800	1
1d7911c	1d78e64	fe4e0800	2
1d796b4	1d78e68	fe4e0800	1
1d80db4	1d80da8	fe4e0800	1
1d81064	1d80dac	fe4e0800	2
1d815fc	1d80db0	fe4e0800	1
1df1690	1df1534	fe44a800	0
1e01240	1e0122c	fe44a800	1
1e0174c	1e01230	fe44a800	2
1e01acc	1e01234	fe44a800	2
1e01fcc	1e01238	fe44a800	2
1e022c4	1e0123c	fe44a800	1
1e02658	1e025b8	fe44a800	0
1e03014	1e025bc	fe44a800	0
1e03938	1e025c0	fe44a800	0
1e04260	1e025c4	fe44a800	0
1e11260	1e04960	fe44a5f4	2
1e3bcb8	1e3bcb0	fe44a800	1
1e3bf14	1e3bcb4	fe44a800	1
1e3c17c	1e3c170	fe44a800	1
1e3c22c	1e3c174	fe44a800	2
1e3c518	1e3c178	fe44a800	1
1e3c5f4	1e3c5e8	fe44a800	1
1e3c6d8	1e3c5ec	fe44a800	2
1e3c9d0	1e3c5f0	fe44a800	1
1e3cccc	1e3ccc4	fe44a800	1
1e3cfd4	1e3ccc8	fe44a800	1
1fa423c	1fa4230	fe288800	0
1faa1f8	1faa02c	fe288800	0
1fbfd14	1fbfcec	fe288800	1
1fbfe48	1fbfcf0	fe288800	2
1fc0364	1fbfcf4	fe288800	2
1fc0654	1fbfcf8	fe288800	2
1fc09ac	1fbfcfc	fe288800	2
1fc0c80	1fbfd00	fe288800	2
1fc0f84	1fbfd04	fe288800	2
1fc10b4	1fbfd08	fe288800	2
1fc126c	1fbfd0c	fe288800	2
1fc1424	1fbfd10	fe288800	0
1fc1698	1fc15f8	fe288800	0
1fc2054	1fc15fc	fe288800	0
1fc2978	1fc1600	fe288800	0
1fc32a0	1fc1604	fe288800	0
1fdf4b8	1fc39a4	fe2885f4	2
1ff0f78	1fc39a8	fe2885f4	1
2002fd4	2002fc8	fe288800	1
2003118	2002fcc	fe288800	2
2003290	2002fd0	fe288800	1
2003394	2003388	fe288800	1
20034b8	200338c	fe288800	2
2003664	2003390	fe288800	1
200379c	2003790	fe288800	1
20043c4	2003794	fe288800	2
20058b0	2003798	fe288800	1
20063a8	200639c	fe288800	1
200648c	20063a0	fe288800	2
200656c	20063a4	fe288800	1
2006710	2006704	fe288800	1
2006808	2006708	fe288800	2
20068dc	200670c	fe288800	1
2006a50	2006a44	fe288800	1
2006c74	2006a48	fe288800	2
2006e48	2006a4c	fe288800	1
2009814	2009808	fe288800	1
2009958	200980c	fe288800	2
2009ad0	2009810	fe288800	1
2009bd4	2009bc8	fe288800	1
2009cf8	2009bcc	fe288800	2
2009ea4	2009bd0	fe288800	1
2009fdc	2009fd0	fe288800	1
200abe4	2009fd4	fe288800	2
200c0f8	2009fd8	fe288800	1
200cbf0	200cbe4	fe288800	1
200ccd4	200cbe8	fe288800	2
200cdb4	200cbec	fe288800	1
200cf5c	200cf50	fe288800	1
200d054	200cf54	fe288800	2
200d128	200cf58	fe288800	1
200d29c	200d290	fe288800	1
200d4c0	200d294	fe288800	2
200d694	200d298	fe288800	1
203a0ec	203a0e0	fe1f2800	0
203f464	203f348	fe1f2800	0
204ac90	204ac68	fe1f2800	1
204ad9c	204ac6c	fe1f2800	2
204b030	204ac70	fe1f2800	2
204b3b4	204ac74	fe1f2800	2
204b688	204ac78	fe1f2800	2
204b840	204ac7c	fe1f2800	0
204b9f8	204ac80	fe1f2800	0
204bbb0	204ac84	fe1f2800	0
204bd68	204ac88	fe1f2800	0
204bf20	204ac8c	fe1f2800	0
204c194	204c0f4	fe1f2800	0
204cb50	204c0f8	fe1f2800	0
204d474	204c0fc	fe1f2800	0
204e6a8	1fffce0	fe1b4264	1
205efb8	205efb0	fe1f2800	1
205f040	205efb4	fe1f2800	1
2065fd0	2065fc8	fe1f2800	1
2066058	2065fcc	fe1f2800	1
21669c8	2166904	fe0c6800	0
216c724	216c71c	fe0c6800	1
216cfe8	216c720	fe0c6800	1
216d394	216d304	fe0c6800	0
216db9c	216d308	fe0c6800	0
217bd00	217baec	fe0c65f4	1
218d7c0	217baf0	fe0c65f4	1
219f80c	219f800	fe0c6800	1
21a0434	219f804	fe0c6800	2
21a1920	219f808	fe0c6800	1
21a2418	21a240c	fe0c6800	1
21a25cc	21a2410	fe0c6800	2
21a276c	21a2414	fe0c6800	1
21a2ba4	21a3bcc	fe05faf6	1
21a65f8	21a63f0	fe0c6800	0
21b8640	21b8634	fe0c6800	1
21b9230	21b8638	fe0c6800	2
21ba744	21b863c	fe0c6800	1
21bb23c	21bb230	fe0c6800	1
21bb3f0	21bb234	fe0c6800	2
21bb590	21bb238	fe0c6800	1
22921fc	22921f0	fdf9a800	0
22996ac	2299530	fdf9a800	0
22ba45c	22ba434	fdf9a800	1
22ba4e0	22ba438	fdf9a800	2
22ba750	22ba43c	fdf9a800	2
22bac60	22ba440	fdf9a800	2
22bafcc	22ba444	fdf9a800	2
22bb098	22ba448	fdf9a800	2
22bb250	22ba44c	fdf9a800	0
22bb408	22ba450	fdf9a800	0
22bb5c0	22ba454	fdf9a800	0
22bb778	22ba458	fdf9a800	0
22bbb5c	22bb948	fdf9a5f4	1
22d1e8c	22bb94c	fdf9a5f4	1
22e05cc	22e05c0	fdf9a800	1
22e0af4	22e05c4	fdf9a800	2
22e10f4	22e05c8	fdf9a800	1
22e1c10	22e1c04	fdf9a800	1
22e2138	22e1c08	fdf9a800	2
22e2734	22e1c0c	fdf9a800	1
22e319c	22e3190	fdf9a800	1
22e3670	22e3194	fdf9a800	2
22e3c44	22e3198	fdf9a800	1
22e4448	22e443c	fdf9a800	0
22e4508	22e4440	fdf9a800	0
22e45c8	22e4444	fdf9a800	0
22e49dc	22e49d0	fdf9a800	1
22e4f04	22e49d4	fdf9a800	2
22e5504	22e49d8	fdf9a800	1
2329444	2329340	fdf04800	0
23326d4	23326c8	fdf04800	1
2332d5c	23326cc	fdf04800	2
2333220	23326d0	fdf04800	1
23333b8	23332f0	fdf04800	0
2333d74	23332f4	fdf04800	0
23344f0	23332f8	fdf04800	0
2334cf8	23332fc	fdf04800	0
2335670	2333300	fdf04800	0
2335f30	2333304	fdf04800	0
2336818	2333308	fdf04800	0
2337134	233330c	fdf04800	0
2337914	2333310	fdf04800	0
2345a6c	2345850	fdf045f4	1
234c8f8	2345854	fdf045f4	2
235ce1c	2345858	fdf045f4	2
236b07c	234585c	fdf045f4	1
237a754	237a748	fdf04800	1
237a8c4	237a74c	fdf04800	2
237aa4c	237a750	fdf04800	1
237ac30	237ac24	fdf04800	1
237ae50	237ac28	fdf04800	2
237b114	237ac2c	fdf04800	1
237b61c	237b610	fdf04800	1
237b778	237b614	fdf04800	2
237b9e0	237b618	fdf04800	1
237bb1c	237bb10	fdf04800	1
237bc6c	237bb14	fdf04800	2
237be18	237bb18	fdf04800	1
25160e8	256ec84	3aea518	1
25162e4	256ec88	3aea518	1
463da08	45cd684	19eea48	1
463db8c	45cd688	19eea48	1
