#상자키	폭	줄
00:-	16	4
00:{25}{1e}{00}{6a}{06}{00}{00}{00}{f6}{00}{f7}{00}{f9}{00}{25}{19}{00}{72}{02}{00}{00}{00}ひ{01}デーブくん	12	3
00:{25}{1e}{00}{6c}{06}{00}{00}{00}{f6}{00}{f7}{00}{f9}{00}{25}{19}{00}{73}{02}{00}{00}{00}は{01}{25}{19}{00}{74}{02}{00}{00}{00}ひ{01}マッセくん	16	3
00:{25}{1e}{00}{70}{06}{00}{00}{00}{f6}{00}{f7}{00}{f9}{00}{25}{19}{00}{76}{02}{00}{00}{00}ひ{01}カアムちゃん	16	3
00:　『堅くて長持ち！！\n　　それが男ってもんだよなあ』	12	3
00:うるわしのエノーラ	12	3
00:おじいさん	16	3
00:おにいさん	16	3
00:おねえさん	16	3
00:おばさん	16	3
00:お兄さん	12	3
00:とある美食家の女性	12	3
00:イシュメリアの兵士	12	3
00:ウパウパ	12	3
00:オットー公爵	12	3
00:オリベラ	12	3
00:オルガ	12	3
00:オルティス１３	16	3
00:カアム	12	3
00:カアムちゃんのお母さん	16	3
00:カアムのお母さん	16	3
00:カシム	12	3
00:キュリエンテス	12	3
00:キングベゴリアン	12	3
00:グレゴリー爺さん	12	3
00:コイン商ベンタレー	16	3
00:コンロールの兵士	16	3
00:コンロールの大神官	12	3
00:コンロールの王	12	3
00:コンロールの神官	16	3
00:センティスト	16	3
00:ディサイプル・ゴールド	12	3
00:ディサイプル・シルバー	12	3
00:ディーラー	12	3
00:デーブ	16	3
00:トン	16	3
00:ナーシャ	12	3
00:ノビスナージュ	12	3
00:バスターギア	12	3
00:ベゴリアン	16	3
00:ベンタレー夫人	16	3
00:マクガイア	12	3
00:マスターティナ	16	3
00:マッセ	16	3
00:マッセくん	12	3
00:マリア	12	3
00:マロアから来たお姉さん	16	3
00:マーシュ	12	3
00:ヤレムの司祭	16	3
00:ヤレムの領主	16	3
00:ユキ	12	3
00:ユー{83}	16	3
00:リンダ	12	3
00:ロスタールのおねえさん	16	3
00:ロスタールのおばさん	16	3
00:ロスタールの修道僧	16	3
00:ロスタールの若者	16	3
00:ロスタール城の兵士	16	3
00:ヴェストリル	12	3
00:修道僧	16	3
00:刀匠ヴァッカード	12	3
00:助けてやった盗人	16	3
00:召使い	16	3
00:商人のおかみさん	16	3
00:執事	16	3
00:塔の守護ビッグキュリエンテス	16	3
00:大司教トリステル	12	3
00:女の子	12	3
00:女メシ使い	16	3
00:宿屋のおねえさん	16	3
00:宿屋の旅人	16	3
00:宿屋の泊まり客	16	3
00:巨人ブランカス・オゥレ	16	3
00:強欲商人コンラット	16	3
00:悪魔バーリュボギル	12	3
00:捕らえられた盗人	16	3
00:旅の吟遊詩人	16	3
00:武具屋のあんちゃん	12	3
00:武器屋のあんちゃん	12	3
00:泉の精	16	3
00:海賊	16	3
00:海賊島の首領シャーキン	16	3
00:海賊船の船長	12	3
00:王家に仕える女	16	3
00:男の子	12	3
00:男メシ使い	16	3
00:町のおねえさん	16	3
00:盗賊	16	3
00:碧き騎士レナード	12	3
00:老婆剣士オルガ	12	3
00:聖なる光	12	3
00:聖なる小竜ウリテクス	12	3
00:聖母レナ	12	3
00:薬屋のにいちゃん	12	3
00:装具店のねえちゃん	12	3
00:道具屋のにいちゃん	12	3
00:酔っぱらい	16	3
00:酔っぱらいＡ	16	3
00:酔っぱらいＢ	12	3
00:鋼武人バートラム	12	3
00:雑貨店のにいちゃん	12	3
00:魔法屋のにいちゃん	12	3
01:-	16	4
01:　『ああ‥買ってて良かった\n　　旅のお供にしてください』	16	3
01:　『堅くて長持ち！！	12	3
01:　『堅くて長持ち！！\n　　それが男ってもんだよなあ』	16	3
01:おじいさん	16	3
01:おじさん	16	3
01:おっさん	16	3
01:おにいさん	16	3
01:おねえさん	16	3
01:おばあさん	16	3
01:おばさん	16	3
01:おんなの子	16	3
01:お兄さん	16	3
01:お姉さん	16	3
01:お客さん	12	3
01:お爺さん	16	3
01:くそボウズ	16	3
01:じじい	16	3
01:ねえちゃん	16	3
01:ばあさん	16	3
01:ばばあ	16	3
01:ウパウパ	12	3
01:ウーリクーリの女	16	3
01:ウーリクーリの子供	16	3
01:ウーリクーリの男	16	3
01:エノーラ	12	3
01:オリベラ	12	3
01:オルガ	12	3
01:オルティスト	12	3
01:オルトナッシュ一般信者	12	3
01:オルトナッシュ上級信者	16	3
01:カアム	16	3
01:カアムちゃん	16	3
01:カアムちゃんのお母さん	16	3
01:カアムのお母さん	16	3
01:カシム	16	3
01:キュリエンテス	12	3
01:グレゴリー爺さん	12	3
01:コイン商ベンタレー	12	3
01:コンロールの大神官	16	3
01:シスターマリア	12	3
01:ティナ	12	3
01:ディーラー	12	3
01:デーブ	16	3
01:デーブくん	16	3
01:トン	16	3
01:トンちゃん	16	3
01:ナーシャ	16	3
01:ノビスナージュ	16	3
01:バスターギア	12	3
01:フィスロのおばさん	16	3
01:フィスロの女の子	12	3
01:フィスロの娘	16	3
01:フィスロの村長	12	3
01:ホムンクルス	16	3
01:マクガイア	12	3
01:マッセ	16	3
01:マッセくん	16	3
01:マリア	12	3
01:マロアから来た商人	16	3
01:マロアの修道僧	16	3
01:マロアの司祭	16	3
01:マロアの町の商人	16	3
01:マーシュ	12	3
01:ヤレムの司祭	16	3
01:ヤレムの領主	16	3
01:ユキ	12	3
01:ユピトの神父	16	3
01:リンダ	12	3
01:ヴェストリル	12	3
01:仙剣シャクハール	12	3
01:修道僧	16	3
01:召使い	16	3
01:召使いのお姉さん	16	3
01:司祭	12	3
01:商船の水夫	16	3
01:商船の船長	16	3
01:執事	16	3
01:子供の声	12	3
01:宿屋の主人	16	3
01:宿屋の客	16	3
01:宿屋の旅人	16	3
01:忍者	12	3
01:教皇ヴェルメッサ	16	3
01:旅の吟遊詩人	16	3
01:旅の若者	16	3
01:旅の詩人	16	3
01:旅人	16	3
01:村の若者	16	3
01:武器屋さん	12	3
01:武器屋のあんちゃん	12	3
01:武器屋のお兄さん	12	3
01:泉の精	12	3
01:派手な化粧のお姉さん	16	3
01:海賊島の首領シャーキン	12	3
01:男の子	12	3
01:町のおねえさん	16	3
01:町のお姉さん	16	3
01:税関の役人	16	3
01:紫炎アディス	12	3
01:老婆剣士オルガ	12	3
01:聖なる光	16	3
01:聖なる小竜ウリテクス	16	3
01:行商人	12	3
01:装具店のねえちゃん	16	3
01:赤い顔のおじさん	12	3
01:道具屋のお兄さん	12	3
01:道具屋のにいちゃん	12	3
01:酒場のお客さん	16	3
01:酒場の客	16	3
01:酔ってるおじさん	16	3
01:酔ってる人	16	3
01:酔っぱらい	16	3
01:鋼武人バートラム	12	3
01:長老サトライ	16	3
01:防具屋さん	12	3
01:防具屋のお姉さん	12	3
01:防具屋のねえちゃん	12	3
01:風色の髪をした男の子	16	3
01:魚売りのおばあさん	16	3
01:鳶色の髪の少女	12	3
02:-	12	4
02:オルガ	12	3
02:カシム	12	3
02:キュリエンテス	12	3
02:シスターマリア	12	3
02:ナーシャ	12	3
02:マクガイア	12	3
02:ロスタールの兵士	12	3
02:ヴェストリル	12	3
02:刀匠ヴァッカード	12	3
02:綺麗な女性	12	3
02:聖なる光	12	3
03:-	12	4
03:『あなたの気に入った品を	12	3
03:オルガ	12	3
03:カシム	12	3
03:ナーシャ	12	3
03:ユーソミルのおねえさん	12	3
03:ヴェストリル	12	3
03:出店のおじさん	16	3
03:墓守のおじさん	12	3
03:海賊船の船長	16	3
03:男メシ使い	16	3
03:聖なる光	12	3
03:装具店のねえちゃん	16	3
04:-	16	4
04:『落日のうれいも	12	3
04:イシュメリアの兵士	12	3
04:オリベラ	12	3
04:オルガ	12	3
04:オルトナッシュ一般信者	12	3
04:カシム	16	3
04:グレゴリー爺さん	12	3
04:コンロールの兵士	16	3
04:コンロールの王	12	3
04:ナーシャ	12	3
04:ノビスナージュ	16	3
04:バスターギア	12	3
04:マクガイア	12	3
04:マリア	12	3
04:マーシュ	12	3
04:リンダ	12	3
04:ロスタールのおねえさん	12	3
04:ヴェストリル	12	3
04:学者アルタイル	12	3
04:教皇ヴェルメッサ	12	3
04:海賊	16	3
04:海賊島の首領シャーキン	16	3
04:紫炎アディス	12	3
04:老婆剣士オルガ	12	3
05:-	16	4
05:キュリエンテス	12	3
05:ロスタールのおねえさん	16	3
05:聖なる光	12	3
05:装具店のねえちゃん	12	3
06:-	16	4
06:カシム	12	3
06:ディサイプル・シルバー	16	3
06:ロスタールのおねえさん	12	3
06:女メシ使い	16	3
06:聖なる光	16	3
06:酒場の客	12	3
07:-	16	4
07:薬屋のにいちゃん	12	3
0a:-	12	4
0a:聖なる光	12	3
0b:-	16	4
0b:王家の執事	12	3
0b:聖なる光	16	3
0b:装具店のねえちゃん	16	3
0d:聖なる光	16	3
0e:-	12	4
0e:オルティス１３	16	3
0e:カシム	12	3
0e:ディサイプル・シルバー	12	3
0e:ロスタール城の兵士	12	3
0e:女メシ使い	12	3
0e:強欲商人コンラット	16	3
0e:旅の吟遊詩人	12	3
0e:聖なる光	16	3
0e:装具店のねえちゃん	16	3
10:装具店のねえちゃん	16	3
14:-	16	4
15:-	16	4
none	16	4
