#음절	코드
카	A1
　	A2
‥	A3
다	A4
이	A5
！	A6
는	A7
을	A8
가	A9
에	AA
의	AB
아	AC
어	AD
지	AE
하	AF
고	B0
나	B1
를	B2
마	B3
라	B4
니	B5
은	B6
있	B7
스	B8
도	B9
리	BA
로	BB
？	BC
기	BD
그	BE
서	BF
자	C0
오	C1
신	C2
요	C3
사	C4
게	C5
었	C6
한	C7
야	C8
（	C9
）	CA
시	CB
해	CC
으	CD
거	CE
들	CF
구	D0
주	D1
여	D2
손	D3
것	D4
대	D5
면	D6
수	D7
세	D8
만	D9
너	DA
넣	DB
인	DC
우	DD
무	889F
모	88A0
려	88A1
성	88A2
없	88A3
상	88A4
말	88A5
까	88A6
트	88A7
겠	88A8
르	88A9
보	88AA
안	88AB
물	88AC
건	88AD
내	88AE
전	88AF
일	88B0
러	88B1
습	88B2
정	88B3
법	88B4
할	88B5
음	88B6
소	88B7
네	88B8
되	88B9
데	88BA
님	88BB
부	88BC
제	88BD
운	88BE
파	88BF
저	88C0
레	88C1
비	88C2
진	88C3
버	88C4
개	88C5
명	88C6
았	88C7
와	88C8
검	88C9
심	88CA
바	88CB
점	88CC
용	88CD
않	88CE
같	88CF
좋	88D0
했	88D1
교	88D2
장	88D3
원	88D4
드	88D5
당	88D6
생	88D7
걸	88D8
간	88D9
래	88DA
입	88DB
냐	88DC
호	88DD
더	88DE
테	88DF
힘	88E0
분	88E1
적	88E2
뭐	88E3
문	88E4
영	88E5
금	88E6
유	88E7
실	88E8
올	88E9
람	88EA
위	88EB
잉	88EC
조	88ED
슈	88EE
방	88EF
짐	88F0
른	88F1
망	88F2
께	88F3
승	88F4
워	88F5
머	88F6
험	88F7
두	88F8
줘	88F9
때	88FA
런	88FB
져	88FC
알	8941
살	8942
란	8943
화	8944
베	8945
치	8946
과	8947
단	8948
계	8949
관	894A
받	894B
왕	894C
회	894D
돌	894E
각	894F
군	8950
터	8951
릭	8952
약	8953
럼	8954
씨	8955
먼	8956
히	8957
줄	8958
든	8959
후	895A
열	895B
타	895D
행	895E
릴	895F
늘	8960
찾	8961
피	8962
샤	8963
룩	8964
솔	8965
예	8966
섬	8967
놈	8968
잘	8969
던	896A
합	896B
못	896C
팔	896D
력	896E
돈	896F
싶	8970
멸	8971
동	8972
잖	8973
린	8974
감	8975
목	8976
티	8977
중	8978
크	8979
왔	897A
디	897B
겨	897C
필	897D
집	897E
남	8980
밀	8981
날	8982
복	8983
재	8984
누	8985
브	8986
난	8987
랑	8988
몇	8989
쇠	898A
길	898B
잠	898C
싸	898D
언	898E
반	898F
된	8990
뭘	8991
포	8992
느	8993
설	8994
선	8995
미	8996
쪽	8997
책	8998
봐	8999
움	899A
따	899B
곳	899C
체	899D
년	899E
번	899F
렇	89A0
또	89A1
작	89A2
삼	89A3
렸	89A4
십	89A5
희	89A6
찮	89A7
될	89A8
돼	89A9
불	89AA
떠	89AB
석	89AC
속	89AD
탈	89AE
형	89AF
엇	89B0
배	89B1
록	89B2
종	89B3
술	89B4
직	89B5
빛	89B6
암	89B7
읽	89B8
애	89B9
슨	89BA
메	89BB
콘	89BC
괜	89BD
얼	89BE
쓰	89BF
국	89C0
함	89C1
공	89C2
녀	89C3
온	89C4
참	89C5
처	89C6
코	89C7
강	89C8
숨	89C9
발	89CA
맞	89CB
키	89CC
노	89CD
밖	89CE
곤	89CF
큰	89D0
산	89D1
양	89D2
투	89D3
격	89D4
결	89D5
먹	89D6
죽	89D7
갈	89D8
뭔	89D9
쓸	89DA
셨	89DB
루	89DC
차	89DD
황	89DE
식	89DF
써	89E0
귀	89E1
빠	89E2
페	89E3
탁	89E4
됐	89E5
침	89E6
폐	89E7
준	89E8
초	89E9
졌	89EA
괴	89EB
름	89EC
몸	89ED
쳐	89EE
둘	89EF
째	89F0
츠	89F1
토	89F2
맥	89F3
렴	89F4
둑	89F5
편	89F6
굴	89F7
놀	89F8
숲	89F9
뒤	89FA
벤	89FB
롤	89FC
경	8A41
땅	8A42
항	8A43
쿠	8A44
떻	8A45
추	8A46
천	8A47
렘	8A48
질	8A49
봉	8A4A
본	8A4B
멋	8A4C
악	8A4D
긴	8A4E
좀	8A4F
흐	8A50
태	8A51
응	8A52
흥	8A53
잃	8A54
출	8A55
택	8A56
근	8A57
혼	8A58
섯	8A59
듯	8A5A
잡	8A5B
절	8A5D
헤	8A5E
림	8A5F
새	8A60
왜	8A61
얘	8A62
연	8A63
령	8A64
젊	8A65
능	8A66
엔	8A67
환	8A68
달	8A69
볼	8A6A
큼	8A6B
련	8A6C
켜	8A6D
패	8A6E
엄	8A6F
별	8A70
믿	8A71
였	8A72
옛	8A73
축	8A74
갔	8A75
존	8A76
셔	8A77
통	8A78
텍	8A79
최	8A7A
깐	8A7B
쩔	8A7C
쳤	8A7D
많	8A7E
짜	8A80
났	8A81
혀	8A82
벌	8A83
큐	8A84
풀	8A85
짓	8A86
채	8A87
딱	8A88
활	8A89
눈	8A8A
꽉	8A8B
례	8A8C
락	8A8D
찬	8A8E
탑	8A8F
허	8A90
케	8A91
변	8A92
앞	8A93
범	8A94
맙	8A95
층	8A96
창	8A97
낸	8A98
효	8A99
벽	8A9A
글	8A9B
혜	8A9C
청	8A9D
앙	8A9E
빨	8A9F
품	8AA0
며	8AA1
앗	8AA2
겁	8AA3
곧	8AA4
친	8AA5
뿐	8AA6
훌	8AA7
충	8AA8
쳇	8AA9
꼬	8AAA
끼	8AAB
펼	8AAC
욕	8AAD
증	8AAE
곡	8AAF
킨	8AB0
닌	8AB1
붙	8AB2
병	8AB3
촌	8AB4
민	8AB5
매	8AB6
표	8AB7
걱	8AB8
짝	8AB9
몰	8ABA
걷	8ABB
딘	8ABC
맛	8ABD
맡	8ABE
완	8ABF
역	8AC0
깨	8AC1
앎	8AC2
징	8AC3
떨	8AC4
텐	8AC5
학	8AC6
칠	8AC7
임	8AC8
월	8AC9
랐	8ACA
싫	8ACB
밤	8ACC
뜻	8ACD
프	8ACE
외	8ACF
휘	8AD0
흠	8AD1
힌	8AD2
갑	8AD3
륭	8AD4
립	8AD5
놓	8AD6
끄	8AD7
롭	8AD8
줬	8AD9
흉	8ADA
염	8ADB
득	8ADC
착	8ADD
견	8ADE
척	8ADF
꽃	8AE0
잔	8AE1
확	8AE2
커	8AE3
봤	8AE4
닥	8AE5
틀	8AE6
현	8AE7
듣	8AE8
궁	8AE9
울	8AEA
잇	8AEB
끝	8AEC
삭	8AED
옳	8AEE
낼	8AEF
익	8AF0
접	8AF1
헌	8AF2
급	8AF3
젠	8AF4
뜨	8AF5
취	8AF6
답	8AF7
즐	8AF8
옥	8AF9
쉽	8AFA
쉬	8AFB
뜁	8AFC
판	8B41
탐	8B42
랄	8B43
잊	8B44
빈	8B45
넘	8B46
깊	8B47
톤	8B48
흘	8B49
평	8B4A
죄	8B4B
셈	8B4C
끌	8B4D
웃	8B4E
탄	8B4F
힐	8B50
꾸	8B51
맹	8B52
극	8B53
독	8B54
족	8B55
향	8B56
뱅	8B57
쁘	8B58
막	8B59
억	8B5A
훔	8B5B
찌	8B5D
옷	8B5E
꺼	8B5F
폭	8B60
슬	8B61
료	8B62
냈	8B63
찼	8B64
됩	8B65
빼	8B66
웠	8B67
순	8B68
꼭	8B69
광	8B6A
쯤	8B6B
튼	8B6C
룡	8B6D
랏	8B6E
쇼	8B6F
핑	8B70
쩍	8B71
덕	8B72
슭	8B73
왠	8B74
송	8B75
꿈	8B76
업	8B77
럴	8B78
높	8B79
퓨	8B7A
춤	8B7B
골	8B7C
갖	8B7D
훗	8B7E
플	8B80
녕	8B81
럽	8B82
몫	8B83
섭	8B84
혹	8B85
닮	8B86
죠	8B87
첩	8B88
칼	8B89
류	8B8A
특	8B8B
둬	8B8C
즘	8B8D
냉	8B8E
론	8B8F
숙	8B90
백	8B91
템	8B92
쩌	8B93
쁜	8B94
쟁	8B95
뻐	8B96
묵	8B97
권	8B98
뜩	8B99
쫓	8B9A
묻	8B9B
육	8B9C
둔	8B9D
몬	8B9E
박	8B9F
쓴	8BA0
멀	8BA1
떤	8BA2
삶	8BA3
협	8BA4
빌	8BA5
묘	8BA6
뜬	8BA7
큭	8BA8
껴	8BA9
둥	8BAA
깜	8BAB
혔	8BAC
풍	8BAD
얏	8BAE
등	8BAF
덮	8BB0
벼	8BB1
첼	8BB2
클	8BB3
렀	8BB4
썩	8BB5
겼	8BB6
칙	8BB7
밌	8BB8
밥	8BB9
담	8BBA
흩	8BBB
눌	8BBC
퇴	8BBD
뭍	8BBE
렁	8BBF
ㄱ	8BC0
엾	8BC1
돕	8BC2
짊	8BC3
푸	8BC4
냥	8BC5
딸	8BC6
닿	8BC7
컸	8BC8
멈	8BC9
슴	8BCA
얽	8BCB
휴	8BCC
싼	8BCD
쎄	8BCE
씀	8BCF
션	8BD0
곰	8BD1
튜	8BD2
앉	8BD3
붕	8BD4
랜	8BD5
둠	8BD6
깃	8BD7
팡	8BD8
곁	8BD9
률	8BDA
멍	8BDB
헷	8BDC
량	8BDD
딜	8BDE
늙	8BDF
탓	8BE0
랬	8BE1
콜	8BE2
끈	8BE3
칭	8BE4
갇	8BE5
뻔	8BE6
씬	8BE7
얻	8BE8
꿔	8BE9
솜	8BEA
슷	8BEB
냄	8BEC
뿌	8BED
철	8BEE
밑	8BEF
쌓	8BF0
뛰	8BF1
늦	8BF2
쥐	8BF3
샘	8BF4
닝	8BF5
덩	8BF6
턴	8BF7
낌	8BF8
엣	8BF9
껄	8BFA
헛	8BFB
꾹	8BFC
뭣	8C41
컷	8C42
굳	8C43
값	8C44
긋	8C45
핫	8C46
링	8C47
북	8C48
엉	8C49
졸	8C4A
옵	8C4B
랍	8C4C
싹	8C4D
쉰	8C4E
색	8C4F
율	8C50
센	8C51
밝	8C52
춰	8C53
낚	8C54
뮤	8C55
꼴	8C56
왓	8C57
즈	8C58
끊	8C59
홀	8C5A
깝	8C5B
픈	8C5D
벨	8C5E
꺄	8C5F
챙	8C60
쿨	8C61
틈	8C62
쨌	8C63
릇	8C64
똑	8C65
엿	8C66
쩨	8C67
뀌	8C68
쩡	8C69
훨	8C6A
갚	8C6B
닙	8C6C
땠	8C6D
낭	8C6E
괘	8C6F
댕	8C70
넓	8C71
밧	8C72
숭	8C73
맑	8C74
룻	8C75
쪼	8C76
갓	8C77
납	8C78
끗	8C79
뱃	8C7A
팍	8C7B
넷	8C7C
념	8C7D
꽤	8C7E
녔	8C80
퍼	8C81
텔	8C82
블	8C83
획	8C84
쾌	8C85
쏜	8C86
됨	8C87
읏	8C88
뚱	8C89
닐	8C8A
탱	8C8B
챌	8C8C
밸	8C8D
융	8C8E
뵈	8C8F
덤	8C90
눠	8C91
씸	8C92
욱	8C93
찍	8C94
끔	8C95
웬	8C96
늠	8C97
푹	8C98
찔	8C99
겪	8C9A
농	8C9B
빚	8C9C
웅	8C9D
뇌	8C9E
쉼	8C9F
꾼	8CA0
씻	8CA1
킬	8CA2
뚝	8CA3
꾀	8CA4
싱	8CA5
봅	8CA6
킹	8CA7
넌	8CA8
캡	8CA9
흑	8CAA
즌	8CAB
듦	8CAC
윽	8CAD
좌	8CAE
쏘	8CAF
쇄	8CB0
빗	8CB1
랙	8CB2
웨	8CB3
폰	8CB4
랴	8CB5
갱	8CB6
폼	8CB7
틋	8CB8
첫	8CB9
낡	8CBA
깼	8CBB
룰	8CBC
땡	8CBD
겐	8CBE
몽	8CBF
닦	8CC0
찐	8CC1
녹	8CC2
객	8CC3
엮	8CC4
캐	8CC5
맨	8CC6
꿍	8CC7
굽	8CC8
씩	8CC9
팝	8CCA
옹	8CCB
측	8CCC
찰	8CCD
얀	8CCE
왼	8CCF
삐	8CD0
뚤	8CD1
붉	8CD2
떼	8CD3
픔	8CD4
섞	8CD5
즉	8CD6
뵙	8CD7
툼	8CD8
껏	8CD9
켰	8CDA
덜	8CDB
틸	8CDC
얌	8CDD
댄	8CDE
랫	8CDF
뤘	8CE0
춘	8CE1
옆	8CE2
찢	8CE3
샀	8CE4
듬	8CE5
쭈	8CE6
돛	8CE7
훈	8CE8
액	8CE9
릿	8CEA
맵	8CEB
앱	8CEC
펠	8CED
뢰	8CEE
엑	8CEF
셀	8CF0
꽝	8CF1
햐	8CF2
규	8CF3
뒈	8CF4
컴	8CF5
흔	8CF6
쨍	8CF7
춥	8CF8
멎	8CF9
칫	8CFA
햇	8CFB
쏟	8CFC
잤	8D41
팀	8D42
앓	8D43
맺	8D44
빡	8D45
젯	8D46
뿅	8D47
땄	8D48
딴	8D49
뗄	8D4A
멓	8D4B
닭	8D4C
렵	8D4D
팠	8D4E
꿨	8D4F
쨩	8D50
낄	8D51
뒷	8D52
널	8D53
떡	8D54
몹	8D55
팁	8D56
뇨	8D57
짭	8D58
짤	8D59
앨	8D5A
띤	8D5B
낮	8D5D
쩐	8D5E
뻥	8D5F
롱	8D60
총	8D61
꼽	8D62
렷	8D63
팻	8D64
겸	8D65
핸	8D66
랭	8D67
짧	8D68
굼	8D69
땐	8D6A
튀	8D6B
싣	8D6C
츄	8D6D
릅	8D6E
쌍	8D6F
쉿	8D70
략	8D71
솟	8D72
냘	8D73
쪘	8D74
컨	8D75
놔	8D76
묶	8D77
뒀	8D78
쏙	8D79
썹	8D7A
혈	8D7B
짢	8D7C
뤄	8D7D
꿰	8D7E
뚫	8D80
줌	8D81
뵐	8D82
램	8D83
갛	8D84
벙	8D85
첨	8D86
빅	8D87
뱀	8D88
촉	8D89
챘	8D8A
댔	8D8B
솥	8D8C
끓	8D8D
퉁	8D8E
낫	8D8F
윈	8D90
댈	8D91
닷	8D92
긍	8D93
얄	8D94
궂	8D95
룬	8D96
핵	8D97
섰	8D98
털	8D99
논	8D9A
띕	8D9B
떴	8D9C
닫	8D9D
훠	8D9E
벗	8D9F
얕	8DA0
옮	8DA1
곱	8DA2
뿍	8DA3
웩	8DA4
툰	8DA5
팽	8DA6
굉	8DA7
뻤	8DA8
럭	8DA9
셋	8DAA
멧	8DAB
봄	8DAC
헬	8DAD
뺏	8DAE
윙	8DAF
슐	8DB0
홍	8DB1
젤	8DB2
젬	8DB3
펜	8DB4
넴	8DB5
뜯	8DB6
쇳	8DB7
퀴	8DB8
턱	8DB9
맘	8DBA
뎌	8DBB
뼈	8DBC
눕	8DBD
숴	8DBE
꿀	8DBF
압	8DC0
낳	8DC1
홈	8DC2
낙	8DC3
틴	8DC4
퀸	8DC5
힙	8DC6
딨	8DC7
