#폭	줄	번호들	JP	KO(원래)	KO(줄임)
16	4	1580b0:5:0	\n勉強しろって‥うるさいからなあ\n遊びに行くの許してくれるかなあ\nまあ‥たぶん行くと思うよ	\n공부하라고‥ 잔소리가 심해서\n놀러 가는 거 허락해 줄까 몰라\n뭐‥ 아마 갈 수 있을 거야	
16	4	159148:2:0	{c:0b}‥‥‥の‥‥２\n{c:0f}‥‥の‥‥‥は‥ただ‥く\n‥いて‥と‥い‥また‥く\n‥‥の‥‥も‥らないで‥‥	{c:0b}‥‥‥의 ‥‥‥２\n{c:0f}‥‥ ‥‥‥는‥ 그저 걷는다\n걸어서 ‥과 싸우고‥ 또 걷는다\n‥‥ ‥‥도 모른 채‥‥	
16	4	159148:3:0	{c:0b}‥‥‥の‥‥３\n{c:0f}ナゾを‥るには‥‥‥くなれ！\nカベや‥のちょっとした‥いが\n‥かるようになれば‥‥‥だ！	{c:0b}‥‥‥의 ‥‥‥３\n{c:0f}수수께끼를 알려면 ‥‥ 깊어져라！\n벽이나 바닥의 사소한 ‥‥를\n알아챌 수 있게 되면 한 사람 ‥이다！	
16	4	159148:8:0	{c:0b}‥‥‥の‥‥８\n{c:0f}‥いは‥‥であることを‥がける\n‥‥の‥い‥が‥につくまで\n‥‥な‥‥はさけ‥‥ためすこと	{c:0b}‥‥‥의 ‥‥‥８\n{c:0f}싸움에서는 ‥‥함을 유지하라\n자신의 싸움 ‥‥이 몸에 밸 때까지\n‥‥로운 ‥‥은 피하고 이것저것 ‥‥할 것	
16	4	159148:9:0	{c:0b}エイナス‥‥１\n{c:0f}エイナス（ＡＮＥＡＲＴＨ）‥‥は‥‥りの‥‥によって‥‥されし\n‥‥のホリクスの‥で‥‥された	{c:0b}에이너스 ‥‥１\n{c:0f}에이너스(ＡＮＥＡＲＴＨ) ‥‥는 다섯 자루의 ‥‥으로 ‥‥된\n‥‥의 호릭스의 ‥으로 ‥‥되었다	
16	4	159148:16:0	{c:0b}エイナス‥‥８\n{c:0f}‥‥をほこった‥‥イシュメリアも‥‥‥‥に‥れた‥びの‥によって‥えんをむかえた	{c:0b}에이너스 ‥‥８\n{c:0f}‥‥을 자랑하던 ‥‥ 이슈메리아도 ‥‥ 년 ‥에 나타난 ‥‥의 짐승에 의해 ‥‥을 맞이했다	
16	4	159148:18:0	{c:0b}‥の‥‥\n{c:0f}‥を‥う‥に‥‥らの‥‥を‥え\n‥この‥‥に‥るべき‥を‥ることそれが‥の‥‥を‥ることである	{c:0b}‥의 ‥‥\n{c:0f}‥을 ‥‥하기 ‥에‥ ‥신의 ‥‥를 ‥‥하라\n‥ 이 ‥‥ 있어야 할 ‥신을 아는 것 그것이 ‥의 ‥‥를 아는 것이다	
16	4	159148:22:0	{c:0b}‥‥ある‥\n{c:0f}‥の‥を‥‥づけるものは\n‥‥でもなく‥‥でもない\n‥の‥‥を‥る‥である	{c:0b}‥‥ 있는 ‥\n{c:0f}사람의 ‥‥을 자리매김하는 것은\n‥‥도 아니요 ‥‥도 아니다\n하늘의 뜻을 아는 마음이다	
16	4	159148:24:0	{c:0b}エイナス‥‥\n{c:0f}５つの‥‥なるホリクスから\nエイナス‥‥は‥‥した\nその‥は‥‥りの‥‥に‥‥される	{c:0b}에이너스 ‥‥\n{c:0f}５개의 ‥‥한 호릭스로부터\n에이너스 ‥‥가 ‥‥했다\n그 ‥은 다섯 자루의 ‥‥으로 ‥‥된다	
16	3	1e8804:40:1	教祖のヴェルメッサが\n世紀末に復活する“滅びの獣”からこの世界を救うんだってさ	교주 베르메사가\n세기말에 부활하는 “멸망의 짐승”으로부터 이 세계를 구한대	
16	4	1e9244:151:0,321370:52:0,3b6a40:52:0,44ecf8:52:0,4df814:80:0,55d994:55:0,612690:80:0,7c2d70:151:0,8576a8:3:0	{c:0b}エイナス創世\n{c:0f}５つの偉大なるホリクスから\nエイナス世界は誕生した\nその力は五振りの霊剣に象徴される	{c:0b}에이너스 창세\n{c:0f}５개의 위대한 호릭스로부터\n에이너스 세계가 탄생했다\n그 힘은 다섯 자루의 영검으로 상징된다	
16	4	1e9244:155:0,321370:50:0,3b6a40:50:0,44ecf8:50:0,4df814:84:0,55d994:53:0,612690:84:0,7c2d70:155:0,8576a8:7:0	{c:0b}生命ある者\n{c:0f}人の魂を位置づけるものは\n地位でもなく名誉でもない\n天の意志を知る心である	{c:0b}생명 있는 자\n{c:0f}사람의 영혼을 자리매김하는 것은\n지위도 아니요 명예도 아니다\n하늘의 뜻을 아는 마음이다	
16	4	1e9244:157:0,2833dc:18:0,321370:54:0,3b6a40:54:0,44ecf8:54:0,4df814:86:0,55d994:57:0,612690:86:0,7c2d70:157:0,8576a8:22:0	{c:0b}神の存在\n{c:0f}神を疑う前に‥自らの存在を疑え\n今この瞬間に在るべき己を知ることそれが神の存在を知ることである	{c:0b}신의 존재\n{c:0f}신을 의심하기 전에‥ 자신의 존재를 의심하라\n지금 이 순간 있어야 할 자신을 아는 것 그것이 신의 존재를 아는 것이다	
16	4	281404:101:1	\n我々‥オルトナッシュ布教団は\n本日ただ今より‥\nヤレムにおける布教活動を開始する	\n우리‥ 오르트나슈 포교단은\n오늘 지금 이 시각부터‥\n야렘에서의 포교 활동을 개시한다	
16	4	281404:101:2	\nわかっていると思うが\n信者獲得は教祖様の至上命令であり人々の自由意志を尊重し布教を行う	\n알고 있겠지만\n신자 획득은 교주님의 지상 명령이며 사람들의 자유 의지를 존중하여 포교를 행한다	
16	4	281404:2:0	\n人本来の自由がどうしたこうした‥しちめんどくさいこと言いやがってどうでもいいじゃねえか‥なあ！？	\n인간 본래의 자유가 어쩌고저쩌고‥ 귀찮은 소리나 늘어놓고 아무래도 상관없잖아‥ 안 그래！？	
16	4	282c18:0:2	\nそも‥人とはいかに生きるべきか！古い慣習や　しきたりに縛られ\n心の自由を奪われてはいないか！？	\n대저‥ 사람은 어떻게 살아야 하는가！ 낡은 관습이나　풍습에 얽매여\n마음의 자유를 빼앗기고 있지는 않습니까！？	
16	4	282c18:0:5	\n教祖様はエイナス世界の救世主\nラザレスの生まれ変わりであり\n幼い姿のまま歳をとりません！	\n교주님은 에이너스 세계의 구세주\n라자레스의 환생이시며\n어린 모습 그대로 나이를 드시지 않습니다！	
16	4	2833dc:2:0,321370:32:0,3b6a40:32:0,44ecf8:32:0,4df814:64:0,55d994:59:0,612690:64:0	{c:0b}冒険者の心得２\n{c:0f}一般の冒険者は‥ただ歩く\n歩いて敵と戦い‥また歩く\n本当の冒険も知らないで‥‥	{c:0b}모험가의 마음가짐２\n{c:0f}보통 모험가는‥ 그저 걷는다\n걸어서 적과 싸우고‥ 또 걷는다\n진짜 모험도 모른 채‥‥	
16	4	2833dc:3:0,321370:33:0,3b6a40:33:0,44ecf8:33:0,4df814:65:0,55d994:60:0,612690:65:0	{c:0b}冒険者の心得３\n{c:0f}ナゾを知るには注意深くなれ！\nカベや床のちょっとした違いが\n分かるようになれば一人前だ！	{c:0b}모험가의 마음가짐３\n{c:0f}수수께끼를 알려면 주의 깊어져라！\n벽이나 바닥의 사소한 차이를\n알아챌 수 있게 되면 한 사람 몫이다！	
16	4	2833dc:8:0,321370:38:0,3b6a40:38:0,44ecf8:38:0,4df814:70:0,55d994:65:0,612690:70:0	{c:0b}冒険者の心得８\n{c:0f}戦いは冷静であることを心がける\n自分の戦い方が身につくまで\n単調な選択はさけ色々ためすこと	{c:0b}모험가의 마음가짐８\n{c:0f}싸움에서는 냉정함을 유지하라\n자신의 싸움 방식이 몸에 밸 때까지\n단조로운 선택은 피하고 이것저것 시험할 것	
16	4	2833dc:9:0,321370:39:0,3b6a40:39:0,44ecf8:39:0,4df814:71:0,55d994:66:0,612690:71:0	{c:0b}エイナス神話１\n{c:0f}エイナス（ＡＮＥＡＲＴＨ）世界は五振りの霊剣によって顕現されし\n五元のホリクスの力で創造された	{c:0b}에이너스 신화１\n{c:0f}에이너스(ＡＮＥＡＲＴＨ) 세계는 다섯 자루의 영검으로 현현된\n오원(五元)의 호릭스의 힘으로 창조되었다	
16	4	2833dc:16:0,321370:46:0,3b6a40:46:0,44ecf8:46:0,4df814:78:0,55d994:73:0,612690:78:0	{c:0b}エイナス神話８\n{c:0f}隆盛をほこった古代イシュメリアも一千年前に現れた滅びの獣によって終えんをむかえた	{c:0b}에이너스 신화８\n{c:0f}융성을 자랑하던 고대 이슈메리아도 일천 년 전에 나타난 멸망의 짐승에 의해 종말을 맞이했다	
16	4	321370:56:1	呪文書によってホリクスに眠る\n魔法の偉大な力を引き出すのじゃ\n同じ魔法でも使う者の力によって\n効果に格段の差が現れるじゃろう	주문서로 호릭스에 잠든\n마법의 위대한 힘을 끌어내는 게야\n같은 마법이라도 쓰는 자의 힘에 따라\n효과에 현격한 차이가 나타날 게다	
16	4	3b6a40:55:1	これはホリクスが共有の力で\nあることに他ならない\n他の者が使用するホリクスの属性を\n把握しておく必要があるのである	이는 호릭스가 공유하는 힘이라는\n것에 다름 아니다\n다른 자가 사용하는 호릭스의 속성을\n파악해 둘 필요가 있는 것이다	
16	4	44ecf8:55:1	これはホリクスが共有の力で\nあることに他ならない\n他の者が使用するホリクスの属性を把握しておく必要があるのである	이는 호릭스가 공유하는 힘이라는\n것에 다름 아니다\n다른 자가 사용하는 호릭스의 속성을 파악해 둘 필요가 있는 것이다	
16	4	44ecf8:56:1	しかし‥体力などと違って\n力の増加が個人の成長に伴わない\nそのためホリクスを入手する以外に\nその力を上げる方法はないのじゃ	하지만‥ 체력 등과는 달리\n힘의 증가가 개인의 성장을 따르지 않아\n그래서 호릭스를 입수하는 것 말고는\n그 힘을 올릴 방법이 없단다	
16	4	44ecf8:56:2	また‥力の源となるもの以外に\n魔法の力を増幅させる能力を持った\nホリクスが存在する\nただ‥形はよく知られていない‥‥	또‥ 힘의 근원이 되는 것 외에\n마법의 힘을 증폭시키는 능력을 가진\n호릭스가 존재한다\n다만‥ 모양은 잘 알려져 있지 않지‥‥	
16	4	711348:9:11	こうして‥{name:0700}は\nオルガに剣を習うことになった‥‥かこくな試練‥それは\nオルガの‥“愛”だった‥‥？？？	이렇게 해서‥ {name:0700}은(는)\n올가에게 검을 배우게 되었다‥‥ 가혹한 시련‥ 그것은\n올가의‥ “사랑”이었다‥‥？？？	
16	4	711c2c:30:1	‥‥‥‥‥‥‥‥‥‥‥‥‥‥‥‥‥‥‥‥‥‥‥‥‥‥‥‥‥‥‥‥‥‥‥それで何が聞きたいんじゃ？	‥‥‥‥‥‥‥‥‥‥‥‥‥‥‥‥‥‥‥‥‥‥‥‥‥‥‥‥‥‥‥‥‥‥‥그래서 뭘 묻고 싶은 게냐？	
16	3	8576a8:58:0	お金を手に入れるには\n宝石や金塊を見つけてお店で売るか都で働いて稼ぐしかないわね	돈을 손에 넣으려면\n보석이나 금괴를 찾아서 가게에 팔거나 도성에서 일해서 버는 수밖에 없지	
16	4	8dda1c:48:0	{c:0b}勇者ラザレス２\n{c:0f}滅びの獣との戦いで傷を負い\nいずことも知れぬ風ヴァユの神殿でラザレスは眠りについた	{c:0b}용사 라자레스２\n{c:0f}멸망의 짐승과의 싸움에서 상처를 입고\n어딘지 모를 바람 바유의 신전에서 라자레스는 잠이 들었다	
16	4	8dda1c:53:0	{c:0b}ホリクスとは‥\n{c:0f}ホリクスは魔法の源だ\nその力が失われて来たときには\n早めに休息をとった方が良い	{c:0b}호릭스란‥\n{c:0f}호릭스는 마법의 근원이다\n그 힘이 떨어져 갈 때에는\n일찌감치 휴식을 취하는 게 좋다	
12	3	978c94:8:1	マクガイアを助けたきゃ\nあたしに剣を教わるしか\nないだろうに‥‥	맥과이어를 구하고 싶거든\n나한테 검을 배우는 수밖에\n없을 텐데‥‥	
16	4	978c94:23:3	おまえは俺の息子じゃない。\n生まれて間もない赤ん坊を\nヤレムの教会前で俺が拾ったんだ。しかも、ただの捨て子じゃなかった	너는 내 아들이 아니다.\n갓 태어난 아기를\n야렘 교회 앞에서 내가 주웠다. 게다가, 그냥 버려진 아이가 아니었다	
16	4	a0b788:71:0	い～た～～～～い！たいたいたい！もりで‥マクビー‥‥おそわれた\nきのみ‥あつめてただけなのに‥‥	아～파～～～～！아파아파아파！숲에서‥ 맥비한테‥‥ 습격당했어\n나무 열매‥ 모으고 있었을 뿐인데‥‥	
16	4	b5a438:95:0	{c:0b}大樹ウランタヤ\n{c:0f}聖なる小竜ウリテクスの住処だった\nかの大樹は　滅びの獣の邪気を浴び\n朽ち果ててしまった	{c:0b}거목 우란타야\n{c:0f}성스러운 작은 용 우리텍스의 거처였던\n그 거목은　멸망의 짐승의 사기를 뒤집어쓰고\n썩어 버리고 말았다	
16	4	b5a438:99:0	{c:0b}海賊の島\n{c:0f}太古の時代から\n海賊たちが根城にしている謎の島\n多くの財宝が隠されているらしい	{c:0b}해적의 섬\n{c:0f}태고의 시대부터\n해적들이 근거지로 삼아 온 수수께끼의 섬\n많은 재보가 숨겨져 있다고 한다	
16	4	b5a438:100:2	私の愛したこのマロアの港町が\nやつらの好きにされてしまうのだ\nせめてもう一度‥町を一望できる\nあの塔にのぼって‥‥』	내가 사랑한 이 마로아 항구 마을이\n놈들 마음대로 되고 마는 것이다\n하다못해 한 번 더‥ 마을을 한눈에 내려다볼 수 있는\n그 탑에 올라‥‥』	
16	4	b5a438:101:1	『一般信者ノビスナージュの登録後\n上級信者センティストへ昇格のため\n救世の祈り本部オルティス宮にて\nレクチャーを行うこと‥‥』	『일반 신자 노비스나주 등록 후\n상급 신자 센티스트로 승격하기 위해\n구세의 기도 본부 오르티스 궁에서\n강습을 행할 것‥‥』	
16	4	b5a438:102:0	{c:0b}マロアの港町\n{c:0f}『町の中央を流れる古き川と共に\n発展してきたマロアの町は\n太古の遺跡の上に建てられた』	{c:0b}마로아 항구 마을\n{c:0f}『마을 중앙을 흐르는 오래된 강과 함께\n발전해 온 마로아 마을은\n태고의 유적 위에 세워졌다』	
16	4	b5a438:103:0	{c:0b}聖剣の伝説\n{c:0f}古代イシュメリア時代に鍛えられた\nイーテルの魔法剣{01:075d}{03:005d}\n不死の者を浄化し悪しき者を滅する	{c:0b}성검의 전설\n{c:0f}고대 이슈메리아 시대에 벼려진\n이테르의 마법검 {01:075d}{03:005d}\n불사의 존재를 정화하고 악한 자를 멸한다	
16	4	b5a438:106:0	{c:0b}うまい金の儲け方\n{c:0f}鉱山などでは金塊や宝石などが\n何度も手に入る場所があるらしい\n見つけた所はチェックしておくこと	{c:0b}짭짤한 돈벌이 방법\n{c:0f}광산 같은 곳에는 금괴나 보석 등을\n몇 번이고 얻을 수 있는 장소가 있다고 한다\n찾은 곳은 체크해 둘 것	
16	4	b5a438:107:0,153fcd8:65:0	{c:0b}人造生物フュラギル\n{c:0f}この大海原のどこかに\n未知の生物が住む島があるという\n古代の宝を守る人造生物の島が‥‥	{c:0b}인조 생물 퓨라길\n{c:0f}이 대해원 어딘가에\n미지의 생물이 사는 섬이 있다고 한다\n고대의 보물을 지키는 인조 생물의 섬이‥‥	
16	4	b5a438:140:0	{name:0b00}{c:0b}に関する報告書\n{c:0f}我らに刃向かう者についての\n戦闘データをここにまとめる\n本書を熟読し教敵を排除すること	{name:0b00}{c:0b}에 관한 보고서\n{c:0f}우리에게 맞서는 자에 대한\n전투 데이터를 여기에 정리한다\n본서를 숙독하고 교적을 배제할 것	
16	3	e4c1c4:23:0	ラララ～　夜風は憎しみを運びィ～大地は悲しみにくれェ～るぅ\n人は闇に飲まれゆく運めなのかぁ～	라라라～　밤바람은 증오를 실어 나르고～ 대지는 슬픔에 잠기네～\n사람은 어둠에 삼켜질 운명인가～	
16	3	e4c1c4:57:1	古ぅ代のぉ～宝がっ眠る島ぁ～～～欲にぃ～かられた者たちは～皆～ンとっ捕まってぇ食われちゃうんうん	고오～대의～ 보물이 잠든 섬～～～ 욕심에～ 사로잡힌 자들은～ 모～두 붙잡혀서 먹혀 버린다네 응응	
16	3	e4ca4c:25:0	ラララ～　欲望は果てしなくぅ\nけしてェ～満たされることはない～おお～神よぉ罪深き者を救い給え～	라라라～　욕망은 끝이 없어～\n결코～ 채워지는 일은 없네～ 오오～ 신이시여 죄 많은 자를 구원하소서～	
16	4	e4ca4c:31:0	ラララ～　聖なる小竜ウリテクス～美しき翼広げぇ～歌うは神の秘密ぅあぁ～聖者に勝利をもたらし給え～	라라라～　성스러운 작은 용 우리텍스～ 아름다운 날개를 펼치고～ 노래하는 건 신의 비밀～ 아아～ 성자에게 승리를 내려 주소서～	
12	3	e4ca4c:20:1	でも‥‥あたくしが食べたいのはねウーリクーリって‥おサルさんなの	하지만‥‥ 내가 먹고 싶은 건 말이야 우리쿠리라는‥ 원숭이란다	
16	3	e4ca4c:21:1	朝から晩まで食事のことばかり‥‥奥様を満足させられる献立があればこんな苦労しなくてもすむのに！	아침부터 밤까지 식사 생각뿐‥‥ 사모님을 만족시킬 식단이 있으면 이런 고생 안 해도 될 텐데！	
16	3	e4d8fc:21:0	教会への貢献ポイントは\n５０ルクソルの献金で１ＵＰ\n１００ルクソルの献金で５ＵＰです	교회에 대한 공헌 포인트는\n５０룩솔 헌금으로 １ＵＰ\n１００룩솔 헌금으로 ５ＵＰ입니다	
16	4	e4e5e4:16:0,1a8578c:30:0	{c:0b}世界の武器屋・防具屋\n{c:0f}店では取り扱うことのできない\n貴重な武器をコインと交換している\nコイン商がどこかの町にいるそうだ	{c:0b}세계의 무기점・방어구점\n{c:0f}가게에서는 취급할 수 없는\n귀중한 무기를 코인과 교환해 주는\n코인상이 어딘가의 마을에 있다고 한다	
16	4	e50cc0:14:0	{c:0b}ア・セカンド・キュリエンテス\n{c:0f}学院卒業者に与えられる最高の称号過去　この賛辞を受けた者は\n紫炎アディスと霊皇サルモンのみ	{c:0b}어 세컨드 큐리엔테스\n{c:0f}학원 졸업자에게 주어지는 최고의 칭호 과거　이 찬사를 받은 자는\n자염의 아디스와 영황 살몬뿐	
16	4	e50cc0:19:0,1a8578c:17:0	{c:0b}滅びの獣ケォルトゥース\n{c:0f}勇者ラザレスに討たれし滅びの獣はその肉片を世界中に飛ばし\n悪しき波動で自然の理を狂わせた	{c:0b}멸망의 짐승 케올투스\n{c:0f}용사 라자레스에게 쓰러진 멸망의 짐승은 그 살점을 온 세상에 흩뿌려\n사악한 파동으로 자연의 섭리를 어지럽혔다	
16	4	e50cc0:21:0,1a8578c:19:0	{c:0b}ラザレスの墳墓\n{c:0f}ラザレスは滅びの獣を討った後\n力つき永き眠りについた\nいずこかにある墳墓の中で‥‥	{c:0b}라자레스의 분묘\n{c:0f}라자레스는 멸망의 짐승을 무찌른 뒤\n힘이 다해 긴 잠에 들었다\n어딘가에 있는 분묘 속에서‥‥	
16	4	e50cc0:22:0,1a8578c:20:0	{c:0b}五元の「しるし」\n{c:0f}教会の聖なる五元の「しるし」は\n太古の魔術師長キュリエンテスが\nさだめたものとされている	{c:0b}오원의 「표식」\n{c:0f}교회의 성스러운 오원의 「표식」은\n태고의 마술사장 큐리엔테스가\n정한 것이라고 한다	
16	4	e50cc0:23:0,1a8578c:21:0	{c:0b}聖教の起源\n{c:0f}『聖教は　何かを後世に伝えるためキュリエンテスが興した‥‥』\nという説は異端の証明がなされた	{c:0b}성교의 기원\n{c:0f}『성교는　무언가를 후세에 전하기 위해 큐리엔테스가 일으켰다‥‥』\n는 설은 이단으로 증명되었다	
16	4	e50cc0:24:0,1a8578c:25:0	{c:0b}ラザレスの聖像１\n{c:0f}滅びの獣の討伐後　その偉業を讃え古代イシュメリアの生存者達が\nつくった救世主ラザレスの彫像	{c:0b}라자레스의 성상１\n{c:0f}멸망의 짐승 토벌 후　그 위업을 기려 고대 이슈메리아의 생존자들이\n만든 구세주 라자레스의 조각상	
16	4	e50cc0:25:0,1a8578c:26:0	{c:0b}ラザレスの聖像２\n{c:0f}ラザレスの聖像は五元の神を象った全５体の聖像の一つで残りの４体は各神を祭った神殿に安置された	{c:0b}라자레스의 성상２\n{c:0f}라자레스의 성상은 오원의 신을 본뜬 모두 ５개의 성상 중 하나로 나머지 ４개는 각 신을 모신 신전에 안치되었다	
16	4	e50cc0:47:0,1a8578c:12:0	{c:0b}レナの日記２\n{c:0f}父様の跡を継ぐことが\n私には許されないなんて‥‥\n女なんかに生まれなきゃ良かった	{c:0b}레나의 일기２\n{c:0f}아버님의 뒤를 잇는 것이\n나에게는 허락되지 않다니‥‥\n여자 따위로 태어나지 말 걸 그랬어	
16	4	e52e4c:50:1	アディス様\n勇者どもは、城へ足止めしました。聖像を守る大神官は欲深な男。\n誘惑し、操ることは簡単です。	아디스 님\n용사 놈들은, 성에 붙잡아 두었습니다. 성상을 지키는 대신관은 욕심 많은 사내.\n유혹해서, 조종하기는 쉽습니다.	
16	3	e5385c:19:0	新生イシュメリア皇国の建国を許し\nオルトナッシュなどと言う\nいかがわしい宗教を布教させ‥‥	신생 이슈메리아 황국의 건국을 허락하고\n오르트나슈라는\n수상쩍은 종교를 포교하게 하고‥‥	
12	3	e5385c:21:0	民は終末の日を信じ\n怪しげな宗教がはやり\n王国の信は地に落ちた	백성은 종말의 날을 믿고\n수상한 종교가 유행하며\n왕국의 신망은 땅에 떨어졌다	
12	3	e5385c:21:1	私とて　かなうことなら\nこの身を国のため‥‥\n民のために投げ出したい	나 역시　할 수만 있다면\n이 몸을 나라를 위해‥‥\n백성을 위해 내던지고 싶다	
12	3	e5385c:30:0	先代王ランセオール様は\n陛下が幼少のおり\n死んだことになっておる	선대 왕 란세올 님께서는\n폐하가 어리실 적\n돌아가신 것으로 되어 있소	
12	3	e5385c:30:3	お后様‥陛下の母上様は\n心労の末\n城壁から身投げされ‥‥	왕비님‥ 폐하의 어머님께서는\n마음고생 끝에\n성벽에서 몸을 던지시고‥‥	
12	3	e5385c:30:5	陛下は親の愛情を知らず\n心すさみ国政を投げ出し\n遊興にふけられた‥‥	폐하께서는 부모의 사랑을 모른 채\n마음이 거칠어져 국정을 내던지고\n유흥에 빠지셨소‥‥	
12	3	e5385c:30:6	こんなことがなければ\nオルトナッシュ布教など\n許されることもなかった	이런 일만 없었다면\n오르트나슈 포교 같은 것도\n허락되지 않았을 것이오	
16	4	e541ec:47:0	{c:04}ウーリクーリって美味しいの？　　ウーリクーリより美味しいのは？　ウーリクーリの美味しい食べ方は？ウーリクーリを食べたことある？　	{c:04}우리쿠리는 맛있어？　　우리쿠리보다 맛있는 건？　우리쿠리를 맛있게 먹는 법은？우리쿠리를 먹어 본 적 있어？	
16	4	e5580c:36:0	{c:0b}海賊島の秘密\n{c:0f}海賊島にある「試練の洞窟」には\n３つの扉がある階層の上に\n秘密の部屋が隠されている	{c:0b}해적섬의 비밀\n{c:0f}해적섬에 있는 「시련의 동굴」에는\n３개의 문이 있는 층 위에\n비밀의 방이 숨겨져 있다	
16	4	e5580c:38:0	{c:0b}フュラギルの島２\n{c:0f}「地」の底に隠された\n「水」「火」「風」「空」の迷宮に５つの宝珠がおさめられている	{c:0b}퓨라길의 섬２\n{c:0f}「땅」 밑바닥에 숨겨진\n「물」「불」「바람」「하늘」의 미궁에 ５개의 보주가 안치되어 있다	
16	3	ec49cc:28:0	汝　運めに立ち向かいし者よ\n我が手のひらに乗りたくば\n下階にて作動スイッチを探せ	그대　운명에 맞서는 자여\n나의 손바닥에 오르고 싶거든\n아래층에서 작동 스위치를 찾아라	
16	4	ff7be0:24:0	みんなで力を合わせよう！\n魔法学院でティナ様に報告しよう！\n都でエノーラに占ってもらおう！\nどうすべきか意見を聞かせて欲しい	다 같이 힘을 합치자！\n마법학원에서 티나 님께 보고하자！\n도성에서 에노라에게 점을 보자！\n어떻게 해야 할지 의견을 들려줘	
16	4	10864c4:9:0	{c:04}美しい歌声が遠くひびいていた\n風に流され　詩は聞きとれない\nだが‥それは　人の胸をしめつける\nもの悲しくも優しい旋律であった	{c:04}아름다운 노랫소리가 멀리 울려 퍼지고 있었다\n바람에 실려　가사는 알아들을 수 없다\n하지만‥ 그것은　사람의 가슴을 조이는\n구슬프면서도 다정한 선율이었다	
16	4	10864c4:42:1	{c:04}『古の契約に従う者よ\n汝‥五元の神を写せし聖像を求めよ\n滅びの波動を打ち破る\nただ一つ残されし力を示さん‥‥』	{c:04}『옛 계약을 따르는 자여\n그대‥ 오원의 신을 본뜬 성상을 구하라\n멸망의 파동을 깨뜨릴\n단 하나 남겨진 힘을 보여 주리라‥‥』	
12	3	10864c4:51:2	『古の契約に従う者よ\n汝‥五元の神を写せし\n聖像を求めよ‥‥	『옛 계약을 따르는 자여\n그대‥ 오원의 신을 본뜬\n성상을 구하라‥‥	
16	4	112d328:3:2	ここへ来る者に警告する！\n秘宝が眠るというこの島の伝説は\nやつらが作り上げたウソッぱちだ！欲にかられた人間をあいつらは‥‥	여기 오는 자에게 경고한다！\n비보가 잠들어 있다는 이 섬의 전설은\n놈들이 지어낸 새빨간 거짓말이다！ 욕심에 사로잡힌 인간을 놈들은‥‥	
12	3	112e588:24:2	財宝‥探してくるか‥\nここで‥肉に‥なるか‥\nどっちだ‥‥？	재보‥ 찾아올래‥\n여기서‥ 고기가‥ 될래‥\n어느 쪽이냐‥‥？	
16	4	112ef74:7:1	だが‥この世に真に不必要な物などありはしないのだ！\nあんな連中でも生きていれば\nそれなりに役立つかもしれない	하지만‥ 이 세상에 정말로 필요 없는 것 따윈 없는 법！\n저런 놈들이라도 살아 있으면\n나름대로 쓸모가 있을지도 모른다	
16	3	12ea0a0:20:0	王は大神官が気に入らないらしい\n大神官は海底大神殿を\n自分の物のようにしているからな	왕은 대신관이 마음에 안 드시는 모양이다\n대신관은 해저 대신전을\n자기 것처럼 쓰고 있으니	
12	3	12ea0a0:48:1	風まとう銀髪の少年よ‥\nおまえが１８年前に\n約束したのではないか！	바람을 두른 은발 소년이여‥\n네가 １８년 전에\n약속하지 않았느냐！	
12	3	12ecc28:7:1	天上の三神人がひとり！\n忍者バスターギアが\n{c:0b}ヨルグの森{c:0f}で待つ！	천상의 삼신인 중 하나！\n닌자 버스터기어가\n{c:0b}요르그 숲{c:0f}에서 기다린다！	
12	3	13744b4:2:0	ヴァユの勇者ファウを\n火神ビラグリスの神殿へ\nさそい込み　しとめる！	바유의 용사 파우를\n화신 비라그리스의 신전으로\n꾀어내어　처치한다！	
16	4	1413414:39:0	{c:0b}ＭＯＮＵＭＥＮＴ\n{c:0f}石碑に書かれている文字を読んだ！{0a:0103}汝‥滅びの運めに立ち向かいし者よ冷力を封じし魔法の枝もちて\n火炎の路を渡らん\n其は御身を火神へと導くであろう	{c:0b}ＭＯＮＵＭＥＮＴ\n{c:0f}비석에 적힌 글자를 읽었다！{0a:0103}그대‥ 멸망의 운명에 맞서는 자여 냉력을 봉인한 마법의 가지를 들고\n화염의 길을 건너라\n그것이 그대를 화신에게로 인도하리라	
16	4	14a6ad8:161:1	汝‥滅びの運めに立ち向かいし者よ\n第六の封印を解く鍵は五つなり\n五元うつせし迷宮をゆきて\n各々が宝珠を手にすべし	그대‥ 멸망의 운명에 맞서는 자여\n여섯째 봉인을 푸는 열쇠는 다섯이니라\n오원을 본뜬 미궁을 지나\n각각의 보주를 손에 넣으라	
16	4	14a7694:13:1	{c:04}汝‥滅びの運めに立ち向かいし者よ第六の封印を解く鍵は五つなり\n五元うつせし迷宮をゆきて\n各々が宝珠を手にすべし	{c:04}그대‥ 멸망의 운명에 맞서는 자여 여섯째 봉인을 푸는 열쇠는 다섯이니라\n오원을 본뜬 미궁을 지나\n각각의 보주를 손에 넣으라	
16	4	167c7b0:32:1	汝‥運命に立ち向かいし者よ\n五剣のひとつシャクハールが待つ！\n五元の水アバースの力を持ちて\n塔のいただきを目指せ！	그대‥ 운명에 맞서는 자여\n다섯 검 중 하나 샤크하르가 기다린다！\n오원의 물 아파스의 힘을 지니고\n탑의 정상을 향하라！	
16	4	16fc2a4:68:1	魔剣アヴァタークを失った君は\n生命をなくしかけていた\n君を救うためレナの身に君を宿し\nここから逃がしたのはボクだった	마검 아바타크를 잃은 너는\n목숨을 잃어 가고 있었지\n너를 구하기 위해 레나의 몸에 너를 깃들게 하고\n여기서 도망치게 한 건 나였어	
16	4	16fc2a4:68:3	こうして‥ときに自分を取り戻す時君の言葉を思い出す\n「人はおのが限界を知らぬもの\n　故に無限の可能性を秘めている」人に世を統べる資格があるとしたら神を亡くした世に未来があるならばそれを君が示してくれ\nボクは喜んで　その礎となろう	이렇게‥ 때때로 나 자신을 되찾을 때 너의 말을 떠올려\n「사람은 자신의 한계를 모르는 존재\n　그러므로 무한한 가능성을 품고 있다」 사람에게 세상을 다스릴 자격이 있다면 신을 잃은 세상에 미래가 있다면 그걸 네가 보여 줘\n나는 기꺼이　그 초석이 될게	
12	3	16fd1f4:32:1	滅びの獣は\n私たちが考える以上に\nずる賢い知能を備えてる	멸망의 짐승은\n우리가 생각하는 이상으로\n교활한 지능을 갖추고 있어	
12	4	1a84794:2:0	ふぅ‥\n（もうちょっとこう鼻が\nくっと）‥はぁ‥ぁ‥‥	후우‥\n（코가 조금만 더\n오똑했으면）‥하아‥아‥‥	
12	3	216c724:10:9	王国一のロブアーティスト\nカシム様に\n失礼だと思わねえのか	왕국 제일의 로브아티스트\n카심 님한테\n실례라고 생각 안 하냐	
12	3	216c724:10:11	そんなものどうする\n親父に頭でも\nなでてもらうつもりか？	그런 걸 뭐 하게\n아버지한테 머리라도\n쓰다듬어 달라고 할 셈이냐？	
